Completeness_bins,Conciseness_bins,cor.mean_bins,cor.sd_bins,cov.mean_bins,cov.sd_bins,eigenvalues.mean_bins,eigenvalues.sd_bins,g_mean.mean_bins,g_mean.sd_bins,h_mean.mean_bins,h_mean.sd_bins,iq_range.mean_bins,iq_range.sd_bins,kurtosis.mean_bins,kurtosis.sd_bins,mad.mean_bins,mad.sd_bins,max.mean_bins,max.sd_bins,mean.mean_bins,mean.sd_bins,median.mean_bins,median.sd_bins,min.mean_bins,min.sd_bins,nr_cor_attr_bins,nr_norm_bins,nr_outliers_bins,range.mean_bins,range.sd_bins,sd.mean_bins,sd.sd_bins,skewness.mean_bins,skewness.sd_bins,sparsity.mean_bins,sparsity.sd_bins,t_mean.mean_bins,t_mean.sd_bins,var.mean_bins,var.sd_bins,snr.mean_bins,snr.sd_bins,LabelIssues_bins,ClassImbRatio_bins,OutlierPerc_bins,ClassOverlapPerc_bins,attr_to_inst_bins,inst_to_attr_bins,nr_attr_bins,nr_inst_bins,nr_num_bins,nr_bin_bins,nUnique_bins,attr_conc.mean_bins,attr_conc.sd_bins,attr_ent.mean_bins,attr_ent.sd_bins,cEntropy_bins,ena_bins,File
No,Yes,small,small,small,small,small,small,small,small,small,small,small,small,small,small,small,small,small,small,small,small,small,small,small,small,small,small,small,small,small,small,small,small,small,small,big,small,small,small,small,small,small,no,No,No,No,small,small,small,small,small,small,small,small,small,small,big,small,small,chronic_kidney_disease_full.csv
No,No,small,small,small,small,small,small,small,small,small,small,small,small,small,small,small,small,small,small,small,small,small,small,small,small,small,small,small,small,small,small,small,small,small,big,big,small,small,small,small,small,small,no,Yes,Yes,Yes,big,small,small,small,small,small,small,small,big,small,small,big,small,Autism-Adolescent-Data.csv
Yes,Yes,small,small,small,small,small,small,small,small,small,small,small,small,small,small,small,small,small,small,small,small,small,small,small,small,small,small,small,small,small,small,small,small,small,big,big,small,small,small,small,small,small,no,No,No,No,small,small,small,small,small,small,small,small,big,small,big,big,small,SouthGermanCredit.asc
Yes,Yes,small,small,small,small,small,small,small,small,small,small,small,small,small,small,small,small,small,small,small,small,small,small,small,small,small,small,small,small,small,small,small,small,small,big,big,small,small,small,small,small,small,yes,No,No,Yes,big,small,big,small,big,small,small,small,small,small,big,big,small,Z-Alizadeh sani dataset.xlsx
Yes,Yes,small,small,small,small,small,small,small,small,small,small,small,small,small,small,small,small,small,small,small,small,small,small,small,small,small,small,small,small,small,small,small,small,small,small,small,small,small,small,small,small,small,no,No,Yes,Yes,small,small,small,small,small,small,small,small,small,big,small,big,small,Data_User_Modeling_Dataset_Hamdi Tolga KAHRAMAN.csv
No,Yes,small,small,small,small,small,small,small,small,small,small,small,small,small,small,small,small,small,small,small,small,small,small,small,small,small,small,small,small,small,small,small,small,small,big,big,small,small,small,small,small,small,yes,No,Yes,Yes,big,small,small,small,small,small,small,small,big,small,small,big,small,non-verbal tourist data.csv
No,No,small,big,small,small,small,small,small,small,small,small,small,small,big,big,small,small,small,small,small,small,small,small,small,small,small,small,big,small,small,small,small,big,big,small,small,small,small,small,small,small,small,no,No,No,Yes,small,small,big,small,big,small,small,small,small,big,small,small,small,1year.csv
No,No,small,big,small,small,small,small,small,small,small,small,small,small,big,big,small,small,small,small,small,small,small,small,small,small,small,small,big,small,small,small,small,big,big,small,small,small,small,small,small,small,small,no,No,No,Yes,small,small,big,small,big,small,small,small,small,big,small,small,small,2year.csv
No,No,small,big,small,small,small,small,small,small,small,small,small,small,big,big,small,small,small,small,small,small,small,small,small,big,small,small,big,small,small,small,small,big,big,small,small,small,small,small,small,small,small,no,No,No,Yes,small,small,big,small,big,small,small,small,small,big,small,small,small,3year.csv
No,No,small,big,small,small,small,small,small,small,small,small,small,small,big,big,small,small,small,small,small,small,small,small,small,small,small,small,big,small,small,small,small,big,big,small,small,small,small,small,small,small,small,no,No,No,Yes,small,small,big,small,big,small,small,small,small,big,small,small,small,4year.csv
No,No,small,big,small,small,small,small,small,small,small,small,small,small,big,big,small,small,small,small,small,small,small,small,small,big,small,small,big,small,small,small,small,small,big,small,small,small,small,small,small,small,small,no,No,No,Yes,small,small,big,small,big,small,small,small,small,big,small,small,small,5year.csv
Yes,Yes,big,big,small,small,small,small,small,small,small,small,small,small,small,small,small,small,small,small,small,small,small,small,small,small,big,small,small,small,small,small,small,small,small,small,big,small,small,small,small,small,small,yes,No,No,No,small,small,small,small,small,small,big,big,small,big,big,big,small,abalone.data
Yes,Yes,big,big,small,small,small,small,small,small,small,small,small,small,small,small,small,small,small,small,small,small,small,small,small,small,big,small,small,small,small,small,small,small,small,small,big,small,small,small,small,small,small,no,No,No,Yes,small,small,small,small,small,small,small,big,big,big,small,small,small,abalone9-18.csv
No,No,small,small,small,small,small,small,small,small,small,small,small,small,small,small,small,small,small,small,small,small,small,small,small,small,small,small,small,small,small,small,small,small,small,small,big,small,small,small,small,small,small,no,No,No,No,small,big,small,big,small,small,small,small,big,small,big,big,small,adult.csv
No,Yes,small,small,small,small,small,small,small,small,small,small,small,small,small,small,small,small,small,small,small,small,small,small,small,small,small,small,small,small,small,small,small,small,small,big,big,small,small,small,small,small,small,no,No,No,No,small,small,small,small,small,small,small,small,small,small,big,big,small,agaricus-lepiota.data
No,Yes,small,small,small,small,small,small,small,small,small,small,small,small,small,small,small,small,small,small,small,small,small,small,small,small,small,small,small,small,small,small,small,small,small,small,big,small,small,small,small,small,small,yes,No,No,No,small,small,small,small,small,small,small,big,big,big,big,small,small,Algerian_forest_fires_dataset_UPDATE.csv
Yes,Yes,big,big,small,small,small,small,small,small,small,small,small,small,small,small,small,small,small,small,small,small,small,small,small,small,big,small,small,small,small,small,small,small,small,small,small,small,small,small,small,small,small,no,No,No,Yes,small,small,small,small,small,small,small,big,big,small,small,big,small,appendicitis.csv
No,No,small,small,small,small,small,small,small,small,small,small,small,small,small,small,small,small,small,small,small,small,small,small,small,small,small,small,small,small,small,small,small,small,small,small,big,small,small,small,small,small,small,no,Yes,No,No,small,small,small,small,small,small,small,big,big,small,big,big,small,audit_risk.csv
No,No,small,big,small,small,small,small,small,small,small,small,small,small,small,small,small,small,small,small,small,small,small,small,small,small,small,small,small,small,small,small,small,small,small,big,big,small,small,small,small,small,small,no,No,No,Yes,small,small,small,small,small,small,small,big,big,small,big,big,small,audit_trial.csv
No,No,small,small,small,small,small,small,small,small,small,small,small,small,small,small,small,small,small,small,small,small,small,small,small,small,small,small,small,small,small,small,small,small,small,big,big,small,small,small,small,small,small,no,No,No,No,small,small,small,small,small,small,small,small,big,small,big,big,small,Autism-Adult-Data.csv
No,No,small,small,small,small,small,small,small,small,small,small,small,small,small,small,small,small,small,small,small,small,small,small,small,small,small,small,small,small,small,small,small,small,small,big,big,small,small,small,small,small,small,no,Yes,Yes,Yes,small,small,small,small,small,small,small,small,big,small,small,big,small,Autism-Child-Data.csv
No,Yes,small,big,small,small,small,small,small,small,small,small,small,small,small,small,small,small,small,small,small,small,small,small,small,small,small,small,small,small,small,small,small,small,small,small,big,small,small,small,small,small,small,yes,No,No,Yes,small,small,small,small,small,small,small,small,small,small,big,big,small,Automobile_data.csv
Yes,Yes,small,small,small,small,small,small,small,small,small,small,small,small,small,small,small,small,small,small,small,small,small,small,small,small,small,small,small,small,small,small,small,small,small,small,big,small,small,small,small,small,small,yes,No,Yes,Yes,big,small,small,small,small,small,small,big,big,small,big,big,small,automobileimbalance.csv
Yes,Yes,small,small,small,small,small,small,small,small,small,small,small,small,small,small,small,small,small,small,small,small,small,small,small,small,small,small,small,small,small,small,small,small,small,big,small,small,small,small,small,small,small,no,No,Yes,Yes,small,small,small,small,small,small,small,small,small,big,small,big,small,balance-scale.data
Yes,Yes,small,small,small,small,small,small,small,small,small,small,small,small,small,small,small,small,small,small,small,small,small,small,small,small,small,small,small,small,small,small,small,small,small,big,small,small,small,small,small,small,small,no,No,No,Yes,small,small,small,small,small,small,small,small,small,big,small,big,small,balancescaleimbalanced.csv
Yes,No,big,big,small,small,small,small,small,small,small,small,small,small,small,small,small,small,small,small,small,small,small,small,small,small,big,small,small,small,small,small,small,small,small,small,small,small,small,small,small,small,small,no,No,No,Yes,small,small,small,small,small,small,small,big,big,big,small,big,small,bloodtransfusion.data
No,Yes,small,small,small,small,small,small,small,small,small,small,small,small,small,small,small,small,small,small,small,small,small,small,small,small,small,small,small,small,small,small,small,small,small,big,big,small,small,small,small,small,small,yes,Yes,No,Yes,big,small,small,small,small,small,small,small,big,small,big,big,small,bone-marrow.csv
Yes,Yes,big,big,small,small,small,small,small,small,small,small,small,small,small,small,small,small,small,small,small,small,small,small,small,small,big,small,small,small,small,small,small,small,small,small,small,small,small,small,small,small,small,no,No,No,No,small,small,small,small,small,small,small,small,big,big,small,big,small,Breast Cancer Wisconsin (Diagnostic) data set-5cn10-nc.csv
No,No,big,big,small,small,small,small,small,small,small,small,small,small,small,small,small,small,small,small,small,small,small,small,small,small,big,small,small,small,small,small,small,small,small,small,small,small,small,small,small,small,small,yes,No,No,Yes,small,small,small,small,small,small,small,big,big,small,small,big,small,breast-cancer-wisconsin.data
Yes,Yes,small,big,small,small,small,small,small,small,small,small,small,small,small,small,small,small,small,small,small,small,small,small,small,small,small,small,small,small,small,small,small,small,small,small,small,small,small,small,small,small,small,no,Yes,Yes,Yes,small,small,small,small,small,small,small,small,big,small,small,big,small,breastcancercoimbra.csv
Yes,No,big,small,small,small,small,small,small,small,small,small,small,small,small,small,small,small,small,small,small,small,small,small,small,small,big,small,small,small,small,small,small,small,small,small,small,small,small,small,small,small,small,no,No,No,No,small,small,small,small,small,small,small,big,small,small,small,big,small,breastcancerimbalance.csv
Yes,Yes,big,big,small,small,big,big,small,small,small,small,small,small,small,small,small,small,big,big,small,small,small,small,small,small,big,small,small,big,big,big,big,small,small,small,small,small,small,big,big,small,small,yes,No,Yes,Yes,small,small,small,small,small,small,small,small,big,big,small,big,small,breastcancerwdbc.data
No,Yes,small,big,small,small,small,small,small,small,small,small,small,small,small,small,small,small,small,small,small,small,small,small,small,small,small,small,small,small,small,small,small,small,small,small,small,small,small,small,small,small,small,yes,No,No,Yes,big,small,small,small,small,small,small,small,small,big,small,big,small,brestcancerwpbc.data
Yes,No,small,big,small,small,small,small,small,small,small,small,small,small,small,small,small,small,small,small,small,small,small,small,small,small,small,small,small,small,small,small,small,small,small,small,small,small,small,small,small,small,small,no,Yes,No,No,small,small,small,small,small,small,small,small,small,big,small,big,small,bupa.data
No,No,small,small,big,big,big,big,big,big,big,big,big,big,small,small,big,big,big,big,big,big,big,big,big,big,big,small,small,big,big,big,big,small,small,small,big,big,big,big,big,small,small,no,No,Yes,Yes,small,small,small,small,small,small,small,big,big,big,big,big,small,burstheader.csv
Yes,No,small,small,small,small,small,small,small,small,small,small,small,small,small,small,small,small,small,small,small,small,small,small,small,small,small,small,small,small,small,small,small,small,small,big,big,small,small,small,small,small,small,no,Yes,No,Yes,small,small,small,small,small,small,small,small,small,small,small,big,small,caesarian.csv
Yes,Yes,small,small,small,small,small,small,small,small,small,small,small,small,small,small,small,small,small,small,small,small,small,small,small,small,small,small,small,small,small,small,small,small,small,big,small,small,small,small,small,small,small,no,No,Yes,Yes,small,small,small,small,small,small,small,small,small,small,small,small,small,car.data
No,Yes,small,small,small,small,small,small,small,small,small,small,small,small,small,small,small,small,small,small,small,small,small,small,small,small,small,small,big,small,small,small,small,small,small,small,small,small,small,small,small,small,small,no,No,No,No,small,small,big,small,big,small,small,small,big,small,big,big,small,cargo2000_data_comma.csv
Yes,Yes,small,big,small,small,small,small,small,small,small,small,small,small,small,small,small,small,small,small,small,small,small,small,small,small,small,small,small,small,small,small,small,small,small,small,small,small,small,small,small,small,small,no,No,Yes,Yes,big,small,small,small,small,small,small,big,big,small,small,big,small,cervical_behaviour.csv
No,No,small,small,small,small,small,small,small,small,small,small,small,small,small,small,small,small,small,small,small,small,small,small,small,small,small,small,small,small,small,small,small,small,small,big,big,small,small,small,small,small,small,no,No,No,No,small,small,small,small,small,small,small,small,small,small,big,small,small,cervical_risk_factors_cervical_cancer.csv
Yes,Yes,small,big,small,small,small,small,small,small,small,small,small,small,small,small,small,small,small,small,small,small,small,small,small,small,small,small,small,small,small,small,small,small,small,small,small,small,small,small,small,small,small,no,Yes,No,Yes,big,small,small,small,small,small,small,big,small,small,small,big,small,Chemical Composion of Ceramic.csv
Yes,Yes,small,small,small,small,small,small,small,small,small,small,small,small,small,small,small,small,small,small,small,small,small,small,small,small,small,small,small,small,small,small,small,small,small,big,small,small,small,small,small,small,small,no,Yes,No,No,small,small,small,small,small,small,small,small,small,small,small,big,small,chesskr-vs-kp.data
Yes,Yes,small,big,small,small,small,small,small,small,small,small,small,small,small,small,small,small,small,small,small,small,small,small,small,small,small,small,small,small,small,small,small,small,small,big,big,small,small,small,small,small,small,no,No,No,Yes,small,small,small,small,small,small,small,small,small,small,small,big,small,ckd-dataset-v2.csv
Yes,Yes,small,small,small,small,small,small,small,small,small,small,small,small,small,small,small,small,small,small,small,small,small,small,small,small,small,small,small,small,small,small,small,small,small,small,small,small,small,small,small,small,small,yes,No,Yes,Yes,small,small,small,small,small,small,small,small,small,big,small,small,small,climate_pop_failures.dat
Yes,Yes,big,big,small,small,small,small,small,small,small,small,small,small,small,small,small,small,small,small,small,small,small,small,small,small,big,small,small,small,small,small,small,small,small,small,small,small,small,small,small,small,small,no,No,No,No,small,small,small,small,small,small,small,small,small,big,small,big,small,column_2C_weka.csv
Yes,Yes,big,big,small,small,small,small,small,small,small,small,small,small,small,small,small,small,small,small,small,small,small,small,small,small,big,small,small,small,small,small,small,small,small,small,small,small,small,small,small,small,small,no,No,No,No,small,small,small,small,small,small,small,small,small,big,small,big,small,column_3C_weka.csv
No,No,big,big,small,small,small,small,small,small,small,small,small,small,small,small,small,small,small,small,small,small,small,small,small,small,big,small,small,small,small,small,small,small,small,big,small,small,small,small,small,small,small,no,Yes,Yes,Yes,small,small,small,small,small,small,small,big,big,small,small,big,small,congress_house-votes-84.data
Yes,Yes,small,small,small,small,small,small,small,small,small,small,small,small,small,small,small,small,small,small,small,small,small,small,small,small,small,small,small,small,small,small,small,small,small,big,small,small,small,small,small,small,small,no,No,No,No,small,big,small,big,small,small,small,small,small,small,small,big,small,connect-4.data
Yes,Yes,small,big,small,small,small,small,small,small,small,small,small,small,small,small,small,small,small,small,small,small,small,small,small,small,small,small,small,small,small,small,small,small,small,small,small,small,small,small,small,small,small,yes,Yes,Yes,Yes,big,small,big,small,big,small,small,small,small,big,small,big,small,connectionist-bench.data
Yes,No,small,small,small,small,small,small,small,small,small,small,small,small,small,small,small,small,small,small,small,small,small,small,small,small,small,small,small,small,small,small,small,small,small,big,big,small,small,small,small,small,small,no,No,No,No,small,small,small,small,small,small,small,small,small,small,big,big,small,contraceptive.data
Yes,No,small,small,small,small,small,small,small,small,small,small,small,small,small,small,small,small,small,small,small,small,small,small,small,small,small,small,small,small,small,small,small,small,small,big,big,small,small,small,small,small,small,no,No,No,No,small,small,small,small,small,small,small,small,small,small,big,big,small,contraceptive5cn02.csv
Yes,No,small,small,small,small,small,small,small,small,small,small,small,small,small,small,small,small,small,small,small,small,small,small,small,small,small,small,small,small,small,small,small,small,small,big,big,small,small,small,small,small,small,no,No,No,No,small,small,small,small,small,small,small,small,small,small,big,big,small,contraceptivemulticlass.csv
No,Yes,small,small,small,small,small,small,small,small,small,small,small,small,small,small,small,small,small,small,small,small,small,small,small,small,small,small,small,small,small,small,small,small,small,big,big,small,small,small,small,small,small,no,Yes,No,No,small,small,small,small,small,small,small,small,big,small,big,big,big,creditapprovallimits.data
Yes,No,small,small,small,small,small,small,small,small,small,small,small,small,small,small,small,small,small,small,small,small,small,small,small,small,small,small,small,small,small,small,small,small,small,small,big,small,small,small,small,small,small,no,Yes,Yes,Yes,small,small,small,small,small,small,small,small,small,small,small,big,small,Cryotherapy.xlsx
Yes,No,big,big,small,small,small,small,small,small,small,small,small,small,small,small,small,small,small,small,small,small,small,small,small,small,big,small,small,small,small,small,small,small,small,small,small,small,small,small,small,small,small,no,Yes,No,Yes,small,small,small,small,small,small,small,small,small,big,small,big,small,data_banknote_authentication.csv
No,Yes,small,big,small,small,small,small,small,small,small,small,small,small,small,small,small,small,small,small,small,small,small,small,small,small,small,small,small,small,small,small,small,small,small,big,small,small,small,small,small,small,small,no,No,No,No,small,small,small,small,small,small,small,small,big,small,small,big,small,dermatology.data
Yes,No,big,big,small,small,small,small,small,small,small,small,small,small,small,small,small,small,small,small,small,small,small,small,small,small,big,small,small,small,small,small,small,small,small,big,small,small,small,small,small,small,small,no,Yes,No,Yes,big,small,big,small,big,small,small,big,big,small,small,big,small,divorce.csv
Yes,No,big,big,small,small,small,small,small,small,small,small,small,small,small,small,small,small,small,small,small,small,small,small,small,small,big,small,small,small,small,small,small,small,small,small,small,small,small,small,small,big,small,yes,No,No,Yes,small,small,small,small,small,small,small,big,big,big,small,big,small,Dry_Bean_Dataset.csv
Yes,Yes,small,small,small,small,small,small,small,small,small,small,small,small,small,small,small,small,small,small,small,small,small,small,small,small,small,small,small,small,small,small,small,small,small,big,big,small,small,small,small,small,small,no,No,No,Yes,small,small,small,small,small,small,small,big,big,small,big,big,small,ecoli-0_vs_1.csv
Yes,Yes,small,small,small,small,small,small,small,small,small,small,small,small,small,small,small,small,small,small,small,small,small,small,small,small,small,small,small,small,small,small,small,small,small,small,big,small,small,small,small,small,small,yes,No,No,No,small,small,small,small,small,small,small,big,big,small,big,big,small,ecoli-5cn01-nc.csv
Yes,Yes,small,big,small,small,small,small,small,small,small,small,small,small,small,small,small,small,small,small,small,small,small,small,small,small,small,small,small,small,small,small,small,small,small,small,big,small,small,small,small,small,small,yes,No,Yes,Yes,small,small,small,small,small,small,small,small,small,small,big,big,small,ecoli.data
Yes,Yes,small,big,small,small,small,small,small,small,small,small,small,small,small,small,small,small,small,small,small,small,small,small,small,small,small,small,small,small,small,small,small,small,small,small,big,small,small,small,small,small,small,no,No,No,Yes,small,small,small,small,small,small,small,small,small,small,big,small,small,ecoli1.csv
Yes,Yes,small,big,small,small,small,small,small,small,small,small,small,small,small,small,small,small,small,small,small,small,small,small,small,small,small,small,small,small,small,small,small,small,small,small,big,small,small,small,small,small,small,no,No,No,No,small,small,small,small,small,small,small,small,small,small,big,small,small,ecoli2.csv
Yes,Yes,small,big,small,small,small,small,small,small,small,small,small,small,small,small,small,small,small,small,small,small,small,small,small,small,small,small,small,small,small,small,small,small,small,small,big,small,small,small,small,small,small,no,No,No,Yes,small,small,small,small,small,small,small,small,small,small,big,small,small,ecoli3.csv
Yes,Yes,small,big,small,small,small,small,small,small,small,small,small,small,small,small,small,small,small,small,small,small,small,small,small,small,small,small,small,small,small,small,small,small,small,small,big,small,small,small,small,small,small,no,No,No,Yes,small,small,small,small,small,small,small,small,small,small,big,small,small,ecoli4.csv
Yes,Yes,small,small,small,small,small,small,small,small,small,small,small,small,small,small,small,small,small,small,small,small,small,small,small,small,small,small,small,small,small,small,small,small,small,small,small,small,small,small,small,small,small,no,No,Yes,Yes,small,small,small,small,small,small,small,small,small,big,small,big,small,Electical_stability.csv
Yes,Yes,small,small,small,small,small,small,small,small,small,small,small,small,small,small,small,small,small,small,small,small,small,small,small,small,small,small,small,small,small,small,small,small,small,big,big,small,small,small,small,small,small,yes,No,No,Yes,big,small,big,small,big,small,small,small,small,small,big,big,small,extention of Z-Alizadeh sani dataset.xlsx
Yes,Yes,small,small,small,small,small,small,small,small,small,small,small,small,small,small,small,small,small,small,small,small,small,small,small,small,small,small,small,small,small,small,small,small,small,big,big,small,small,small,small,small,small,no,No,Yes,Yes,small,small,small,small,small,small,small,small,big,small,small,small,small,fertility_Diagnosis.data
Yes,No,small,big,small,small,small,small,small,small,small,small,small,small,small,small,small,small,small,small,small,small,small,small,small,small,small,small,small,small,small,small,small,small,small,small,small,small,small,small,small,big,big,no,No,No,No,small,small,small,small,small,small,small,small,small,small,small,big,small,glass identification imbalance.csv
Yes,No,small,big,small,small,small,small,small,small,small,small,small,small,small,small,small,small,small,small,small,small,small,small,small,small,small,small,small,small,small,small,small,small,small,small,small,small,small,small,small,big,big,no,No,No,No,small,small,small,small,small,small,small,small,small,small,small,big,small,glass-0-1-2-3_vs_4-5-6.csv
Yes,No,small,big,small,small,small,small,small,small,small,small,small,small,small,small,small,small,small,small,small,small,small,small,small,small,small,small,small,small,small,small,small,small,small,small,small,small,small,small,small,big,big,no,No,No,No,small,small,small,small,small,small,small,small,small,small,small,small,small,glass-0-1-6_vs_2.csv
Yes,No,small,big,small,small,small,small,small,small,small,small,small,small,small,small,small,small,small,small,small,small,small,small,small,small,small,small,small,small,small,small,small,small,small,small,small,small,small,small,small,big,big,no,No,No,No,small,small,small,small,small,small,small,small,small,small,small,small,small,glass-0-1-6_vs_5.csv
Yes,Yes,small,big,small,small,small,small,small,small,small,small,small,small,small,small,small,small,small,small,small,small,small,small,small,small,small,small,small,small,small,small,small,small,small,small,small,small,small,small,small,big,big,yes,No,Yes,Yes,small,small,small,small,small,small,small,small,small,small,small,big,small,glass.data
Yes,No,small,big,small,small,small,small,small,small,small,small,small,small,small,small,small,small,small,small,small,small,small,small,small,small,small,small,small,small,small,small,small,small,small,small,small,small,small,small,small,big,big,no,No,No,No,small,small,small,small,small,small,small,small,small,small,small,big,small,glass0.csv
Yes,No,small,big,small,small,small,small,small,small,small,small,small,small,small,small,small,small,small,small,small,small,small,small,small,small,small,small,small,small,small,small,small,small,small,small,small,small,small,small,small,big,big,no,No,No,No,small,small,small,small,small,small,small,small,small,small,small,big,small,glass1.csv
Yes,No,small,big,small,small,small,small,small,small,small,small,small,small,small,small,small,small,small,small,small,small,small,small,small,small,small,small,small,small,small,small,small,small,small,small,small,small,small,small,small,big,big,no,No,No,No,small,small,small,small,small,small,small,small,small,small,small,small,small,glass2.csv
Yes,No,small,big,small,small,small,small,small,small,small,small,small,small,small,small,small,small,small,small,small,small,small,small,small,small,small,small,small,small,small,small,small,small,small,small,small,small,small,small,small,big,big,yes,No,No,No,small,small,small,small,small,small,small,small,small,small,small,small,small,glass4.csv
Yes,No,small,big,small,small,small,small,small,small,small,small,small,small,small,small,small,small,small,small,small,small,small,small,small,small,small,small,small,small,small,small,small,small,small,small,small,small,small,small,small,big,big,no,No,No,No,small,small,small,small,small,small,small,small,small,small,small,small,small,glass5.csv
Yes,No,small,big,small,small,small,small,small,small,small,small,small,small,small,small,small,small,small,small,small,small,small,small,small,small,small,small,small,small,small,small,small,small,small,small,small,small,small,small,small,big,big,no,No,No,No,small,small,small,small,small,small,small,small,small,small,small,big,small,glass5cn10.csv
Yes,No,small,big,small,small,small,small,small,small,small,small,small,small,small,small,small,small,small,small,small,small,small,small,small,small,small,small,small,small,small,small,small,small,small,small,small,small,small,small,small,big,big,no,No,No,No,small,small,small,small,small,small,small,small,small,small,small,small,small,glass6.csv
Yes,No,small,small,small,small,small,small,small,small,small,small,small,small,small,small,small,small,small,small,small,small,small,small,small,small,small,small,small,small,small,small,small,small,small,small,small,small,small,small,small,small,small,no,No,No,Yes,small,small,small,small,small,small,small,small,small,big,small,big,small,Haberman imbalance.csv
Yes,No,small,small,small,small,small,small,small,small,small,small,small,small,small,small,small,small,small,small,small,small,small,small,small,small,small,small,small,small,small,small,small,small,small,small,small,small,small,small,small,small,small,no,No,No,Yes,small,small,small,small,small,small,small,small,small,big,small,big,small,haberman.data
Yes,No,small,small,small,small,small,small,small,small,small,small,small,small,small,small,small,small,small,small,small,small,small,small,small,small,small,small,small,small,small,small,small,small,small,big,small,small,small,small,small,small,small,no,No,Yes,Yes,small,small,small,small,small,small,small,small,small,small,small,big,small,Hayes-roth imbalance.csv
Yes,Yes,small,small,small,small,small,small,small,small,small,small,small,small,small,small,small,small,small,small,small,small,small,small,small,small,small,small,small,small,small,small,small,small,small,big,big,small,small,small,small,small,small,no,No,Yes,Yes,small,small,small,small,small,small,small,small,small,small,small,big,small,hayes-roth.data
No,Yes,small,small,small,small,small,small,small,small,small,small,small,small,small,small,small,small,small,small,small,small,small,small,small,small,small,small,small,small,small,small,small,small,small,big,big,small,small,small,small,small,small,no,Yes,No,Yes,big,small,big,small,big,small,small,small,big,small,big,big,small,hcc-data.data
Yes,Yes,small,small,small,small,small,small,small,small,small,small,small,small,small,small,small,small,small,small,small,small,small,small,small,small,small,small,small,small,small,small,small,small,small,small,big,small,small,small,small,small,small,yes,Yes,No,Yes,small,small,small,small,small,small,small,small,small,big,big,big,small,HCV-Egy-Data.csv
No,Yes,small,small,small,small,small,small,small,small,small,small,small,small,small,small,small,small,small,small,small,small,small,small,small,small,small,small,small,small,small,small,small,small,small,small,big,small,small,small,small,small,small,no,No,No,No,small,small,small,small,small,small,small,small,small,big,small,small,small,hcvdat0.csv
Yes,Yes,small,small,small,small,small,small,small,small,small,small,small,small,small,small,small,small,small,small,small,small,small,small,small,small,small,small,small,small,small,small,small,small,small,big,big,small,small,small,small,small,small,no,No,No,Yes,small,small,small,small,small,small,small,small,small,small,big,big,small,heart_failure_clinical_records_dataset.csv
Yes,Yes,small,small,small,small,small,small,small,small,small,small,small,small,small,small,small,small,small,small,small,small,small,small,small,small,small,small,small,small,small,small,small,small,small,big,big,small,small,small,small,small,small,no,No,Yes,Yes,big,small,small,small,small,small,small,small,small,small,small,big,small,highereducation.csv
No,Yes,small,small,small,small,small,small,small,small,small,small,small,small,small,small,small,small,small,small,small,small,small,small,small,small,small,small,small,small,small,small,small,small,small,big,big,small,small,small,small,small,small,yes,No,No,Yes,small,small,small,small,small,small,small,small,small,small,big,big,small,horse.csv
Yes,Yes,big,big,small,small,small,small,small,small,small,small,small,small,small,small,small,small,small,small,small,small,small,small,small,small,big,small,small,small,small,small,small,small,small,small,small,small,small,small,small,small,small,no,No,No,No,small,big,small,small,small,small,small,small,big,big,small,small,small,HTRU_2.csv
Yes,Yes,small,small,small,small,small,small,small,small,small,small,small,small,small,small,small,small,small,small,small,small,small,small,small,small,small,small,small,small,small,small,small,small,small,small,big,small,small,small,small,small,small,no,No,No,No,small,small,small,small,small,small,small,small,small,small,small,big,small,Immunotherapy.xlsx
No,No,small,big,small,small,small,small,small,small,small,small,small,small,small,small,small,small,small,small,small,small,small,small,small,small,small,small,small,small,small,small,small,small,small,small,big,small,small,small,small,small,small,yes,No,No,No,small,small,small,small,small,small,small,small,small,big,small,big,small,Indian Liver Patient Dataset (ILPD).csv
Yes,No,small,small,small,small,small,small,small,small,small,small,small,small,small,small,small,small,small,small,small,small,small,small,small,small,small,small,big,small,small,small,small,small,small,small,big,small,small,small,small,small,small,no,No,No,Yes,small,small,big,small,big,small,small,small,small,small,big,small,small,insurancedata2000.data
Yes,No,small,big,small,small,small,small,small,small,small,small,small,small,small,small,small,small,small,small,small,small,small,small,small,small,small,small,small,small,small,small,small,small,small,small,small,small,small,small,small,small,small,no,No,Yes,Yes,small,small,small,small,small,small,small,big,big,big,small,big,small,ionosphere-5cn01-n.csv
Yes,No,small,small,small,small,small,small,small,small,small,small,small,small,small,small,small,small,small,small,small,small,small,small,small,small,small,small,small,small,small,small,small,small,small,small,big,small,small,small,small,small,small,no,No,Yes,Yes,small,small,small,small,small,small,small,small,small,big,small,big,small,ionosphere.data
Yes,No,big,big,small,small,small,small,small,small,small,small,small,small,small,small,small,small,small,small,small,small,small,small,small,small,big,small,small,small,small,small,small,small,small,small,small,small,small,small,small,small,small,no,Yes,Yes,Yes,small,small,small,small,small,small,small,big,big,big,small,big,small,iris.data
Yes,No,big,big,small,small,small,small,small,small,small,small,small,small,small,small,small,small,small,small,small,small,small,small,small,small,big,small,small,small,small,small,small,small,small,small,small,small,small,small,small,small,small,no,No,No,No,small,small,small,small,small,small,small,big,big,big,small,big,small,iris0.csv
Yes,No,big,big,small,small,small,small,small,small,small,small,small,small,small,small,small,small,small,small,small,small,small,small,small,small,big,small,small,small,small,small,small,small,small,small,small,small,small,small,small,small,small,no,Yes,Yes,Yes,small,small,small,small,small,small,small,big,big,big,small,big,small,Iris5cn01nc.csv
Yes,No,small,big,small,small,small,small,small,small,small,small,small,small,small,small,small,small,small,small,small,small,small,small,small,small,small,small,small,small,small,small,small,small,small,small,small,small,small,small,small,small,small,no,Yes,No,No,small,big,small,small,small,small,big,small,small,big,small,big,small,letter-recognition.data
Yes,Yes,small,small,small,small,small,small,small,small,small,small,small,small,small,small,small,small,small,small,small,small,small,small,small,small,small,small,small,small,small,small,small,small,small,big,big,small,small,small,small,small,small,no,No,No,Yes,small,small,small,small,small,small,small,small,small,small,small,small,small,Lymphography Multi-class Imbalanced data set.csv
Yes,Yes,small,small,small,small,small,small,small,small,small,small,small,small,small,small,small,small,small,small,small,small,small,small,small,small,small,small,small,small,small,small,small,small,small,big,big,small,small,small,small,small,small,no,No,No,Yes,small,small,small,small,small,small,small,small,small,small,small,small,small,lymphography.data
No,No,small,big,small,small,small,small,small,small,small,small,small,small,small,small,small,small,small,small,small,small,small,small,small,small,small,small,small,small,small,small,small,small,small,small,small,small,small,small,small,small,small,no,Yes,No,Yes,small,small,small,small,small,small,small,small,big,small,big,big,small,mammographic_masses.data
Yes,No,small,small,small,small,small,small,small,small,small,small,small,small,small,small,small,small,small,small,small,small,small,small,small,small,small,small,small,small,small,small,small,small,small,big,big,small,small,small,small,small,small,no,Yes,Yes,Yes,small,small,small,small,small,small,small,small,big,small,small,big,small,monks-1.csv
Yes,No,small,small,small,small,small,small,small,small,small,small,small,small,small,small,small,small,small,small,small,small,small,small,small,small,small,small,small,small,small,small,small,small,small,big,big,small,small,small,small,small,small,no,No,Yes,Yes,small,small,small,small,small,small,small,small,big,small,small,big,small,monks-2.csv
Yes,No,small,small,small,small,small,small,small,small,small,small,small,small,small,small,small,small,small,small,small,small,small,small,small,small,small,small,small,small,small,small,small,small,small,big,big,small,small,small,small,small,small,no,Yes,Yes,Yes,small,small,small,small,small,small,small,small,big,small,small,big,small,monks-3.csv
No,Yes,small,small,small,small,small,small,small,small,small,small,small,small,small,small,small,small,small,small,small,small,small,small,small,small,small,small,big,small,small,small,small,small,small,big,big,small,small,small,small,small,small,yes,No,No,Yes,small,small,big,small,big,big,small,small,small,small,big,small,small,myocardical.data
Yes,Yes,big,small,small,small,small,small,small,small,small,small,small,small,small,small,small,small,small,small,small,small,small,small,small,small,small,small,small,small,small,small,small,small,small,small,small,small,small,small,small,small,small,no,No,No,Yes,small,small,small,small,small,small,small,small,small,big,small,small,small,new-thyroid1.csv
Yes,Yes,big,small,small,small,small,small,small,small,small,small,small,small,small,small,small,small,small,small,small,small,small,small,small,small,small,small,small,small,small,small,small,small,small,small,small,small,small,small,small,small,small,no,No,No,No,small,small,small,small,small,small,small,small,small,big,small,big,small,newthyroid.csv
Yes,Yes,big,small,small,small,small,small,small,small,small,small,small,small,small,small,small,small,small,small,small,small,small,small,small,small,small,small,small,small,small,small,small,small,small,small,small,small,small,small,small,small,small,no,No,No,Yes,small,small,small,small,small,small,small,small,small,big,small,small,small,newthyroid2.csv
Yes,Yes,small,small,small,small,small,small,small,small,small,small,small,small,small,small,small,small,small,small,small,small,small,small,small,small,small,small,small,small,small,small,small,small,small,big,small,small,small,small,small,small,small,no,No,Yes,Yes,small,big,small,small,small,small,small,small,small,small,small,big,small,nursery.data
Yes,No,small,small,small,small,small,small,small,small,small,small,small,small,small,small,small,small,small,small,small,small,small,small,small,small,small,small,small,small,small,small,small,small,small,big,big,small,small,small,small,small,small,no,Yes,No,No,small,small,small,small,small,small,small,small,small,small,big,big,small,ObesityDataSet_raw_and_data_sinthetic.csv
Yes,No,big,big,small,small,small,small,small,small,small,small,small,small,small,small,small,small,small,small,small,small,small,small,small,small,big,small,small,small,small,small,small,small,small,small,small,small,small,small,small,small,small,yes,No,No,Yes,small,small,small,small,small,small,small,big,big,big,small,small,small,page-blocks-1-3_vs_4.csv
Yes,No,big,big,small,small,small,small,small,small,small,small,small,small,small,small,small,small,small,small,small,small,small,small,small,small,big,small,small,small,small,small,small,small,small,small,small,small,small,small,small,small,small,yes,No,No,No,small,small,small,small,small,small,small,big,big,big,small,small,small,pageblocks_imbalanced.csv
Yes,No,big,big,small,small,small,small,small,small,small,small,small,small,small,big,small,small,small,small,small,small,small,small,small,small,big,small,small,small,small,small,small,small,small,small,small,small,small,small,small,small,small,yes,No,No,No,small,small,small,small,small,small,small,small,small,big,small,small,small,pageblocks5cn01-nc.csv
Yes,Yes,big,big,small,small,small,small,small,small,small,small,small,small,small,small,small,small,small,small,small,small,small,small,small,small,big,small,small,small,small,small,small,small,small,small,small,small,small,small,small,small,small,no,No,No,Yes,small,small,small,small,small,small,small,big,big,big,small,big,small,parkinsons.data
Yes,No,small,big,small,small,small,small,small,small,small,small,small,small,small,small,small,small,small,small,small,small,small,small,small,small,small,small,small,small,small,small,small,small,small,big,small,small,small,small,small,small,small,no,Yes,No,No,small,small,small,small,small,small,small,small,big,small,small,big,small,Phishing Websites Data Set.csv
Yes,No,small,small,small,small,small,small,small,small,small,small,small,small,small,small,small,small,small,small,small,small,small,small,small,small,small,small,small,small,small,small,small,small,small,big,small,small,small,small,small,small,small,no,No,No,Yes,small,small,small,small,small,small,small,small,small,small,small,big,small,PhishingData.csv
Yes,Yes,small,small,small,small,small,small,small,small,small,small,small,small,small,small,small,small,small,small,small,small,small,small,small,small,small,small,small,small,small,small,small,small,small,small,small,small,small,small,small,small,small,no,No,No,Yes,small,small,small,small,small,small,small,small,small,big,small,big,small,Pima-5cn01-nc.csv
Yes,Yes,small,small,small,small,small,small,small,small,small,small,small,small,small,small,small,small,small,small,small,small,small,small,small,small,small,small,small,small,small,small,small,small,small,small,small,small,small,small,small,small,small,no,No,No,Yes,small,small,small,small,small,small,small,small,small,big,small,big,small,pima.csv
Yes,Yes,small,small,small,small,small,small,small,small,small,small,small,small,small,small,small,small,small,small,small,small,small,small,small,small,small,small,small,small,small,small,small,small,small,small,small,small,small,small,small,small,small,no,No,No,Yes,small,small,small,small,small,small,small,small,small,big,small,big,small,pimaimbalanced.csv
No,No,small,small,small,small,small,small,small,small,small,small,small,small,small,small,small,small,small,small,small,small,small,small,small,small,small,small,small,small,small,small,small,small,small,big,small,small,small,small,small,small,small,no,No,No,Yes,small,small,small,small,small,small,small,small,small,small,small,small,small,post-operative.csv
No,No,small,small,small,small,small,small,small,small,small,small,small,small,small,small,small,small,small,small,small,small,small,small,small,small,small,small,small,small,small,small,small,small,small,big,big,small,small,small,small,small,small,no,No,No,No,small,small,small,small,small,small,small,big,big,small,small,big,small,primary-tumor.data
Yes,No,small,big,small,small,small,small,small,small,small,small,small,small,small,small,small,small,small,small,small,small,small,small,small,small,small,small,small,small,small,small,small,small,small,small,big,small,small,small,small,small,small,no,No,No,Yes,small,small,small,small,small,small,small,small,small,small,big,big,small,QSAR biodeg.csv
Yes,Yes,big,big,small,small,small,small,small,small,small,small,small,small,small,small,small,small,small,small,small,small,small,small,small,small,big,small,small,small,small,small,small,small,small,small,small,small,small,small,small,small,small,yes,Yes,No,Yes,small,small,small,small,small,small,small,big,big,big,small,big,small,Raisin_Dataset.csv
Yes,Yes,big,big,small,small,small,small,small,small,small,small,small,small,small,small,small,small,small,small,small,small,small,small,small,small,big,small,small,small,small,small,small,small,small,small,small,small,small,small,small,small,small,no,Yes,No,Yes,small,small,small,small,small,small,small,big,big,big,small,big,small,seeds_dataset.data
Yes,No,small,small,small,small,small,small,small,small,small,small,small,small,small,small,small,small,small,small,small,small,small,small,small,small,small,small,small,small,small,small,small,small,small,big,big,small,small,small,small,small,small,no,No,No,No,small,small,small,small,small,small,small,big,big,small,big,small,small,seismic-bumps.csv
Yes,No,small,small,small,small,small,small,small,small,small,small,small,small,small,small,small,small,small,small,small,small,small,small,small,small,small,small,small,small,small,small,small,small,small,big,small,small,small,small,small,small,small,no,Yes,No,No,small,small,small,small,small,small,small,small,small,small,small,big,small,SomervilleHappinessSurvey2015.csv
Yes,Yes,small,big,small,small,small,small,small,small,small,small,small,small,small,small,small,small,small,small,small,small,small,small,small,small,small,small,small,small,small,small,small,small,small,small,small,small,small,small,small,small,small,yes,Yes,Yes,Yes,big,small,big,small,big,small,small,small,small,big,small,big,small,sonar5cn19.csv
Yes,Yes,small,small,small,small,small,small,small,small,small,small,small,small,small,small,small,small,small,small,small,small,small,small,small,small,small,small,small,small,small,small,small,small,small,big,big,small,small,small,small,small,small,no,No,Yes,Yes,big,small,small,small,small,small,small,big,big,small,small,big,small,soybean-small.data
Yes,No,small,small,small,small,small,small,small,small,small,small,small,small,small,small,small,small,small,small,small,small,small,small,small,small,small,small,big,small,small,small,small,small,small,small,small,small,small,small,small,small,small,yes,Yes,No,No,small,small,big,small,big,small,small,small,small,small,big,big,small,spambase.data
Yes,No,small,small,small,small,small,small,small,small,small,small,small,small,small,small,small,small,small,small,small,small,small,small,small,small,small,small,small,small,small,small,small,small,small,big,small,small,small,small,small,small,small,no,Yes,Yes,Yes,small,small,small,small,small,small,small,small,big,small,small,big,small,SPECT.csv
Yes,Yes,big,big,small,small,small,small,small,small,small,small,small,small,small,small,small,small,small,small,small,small,small,small,small,small,small,small,small,small,small,small,small,small,small,small,small,small,small,small,small,small,small,no,No,No,No,big,small,small,small,small,small,small,small,small,big,small,big,small,SPECTF.csv
Yes,Yes,small,big,small,small,small,small,small,small,small,small,small,small,small,small,small,small,small,small,small,small,small,small,small,small,small,small,small,small,small,small,small,small,small,small,small,small,small,small,small,small,small,no,No,No,No,small,small,small,small,small,small,small,small,small,big,big,small,small,starlog shuttle imbalanced.csv
Yes,Yes,big,big,small,small,small,small,small,small,small,small,small,small,small,small,small,small,small,small,small,small,small,small,small,small,big,small,small,small,small,small,small,small,small,small,small,small,small,small,small,small,small,no,Yes,No,Yes,small,small,small,small,small,small,small,small,small,big,small,big,small,starlog vehicle sikhouettes.dat
Yes,Yes,small,small,small,small,small,small,small,small,small,small,small,small,small,small,small,small,small,small,small,small,small,small,small,small,small,small,small,small,small,small,small,small,small,big,big,small,small,small,small,small,small,no,Yes,No,No,small,small,small,small,small,small,small,small,small,small,big,big,small,starlog_australian.dat
Yes,Yes,small,small,small,small,small,small,small,small,small,small,small,small,small,small,small,small,small,small,small,small,small,small,small,small,small,small,small,small,small,small,small,small,small,big,big,small,small,small,small,small,small,no,Yes,No,No,small,small,small,small,small,small,small,small,small,small,big,big,small,statlog_heart.csv
Yes,Yes,small,small,small,small,small,small,small,small,small,small,small,small,small,small,small,small,small,small,small,small,small,small,small,small,small,small,small,small,small,small,small,small,small,big,big,small,small,small,small,small,small,no,No,No,Yes,small,small,small,small,small,small,small,small,small,small,big,small,small,student-mat.csv
Yes,Yes,small,small,small,small,small,small,small,small,small,small,small,small,small,small,small,small,small,small,small,small,small,small,small,small,small,small,small,small,small,small,small,small,small,big,big,small,small,small,small,small,small,no,No,No,No,small,small,small,small,small,small,small,small,big,small,big,big,small,student-por.csv
Yes,No,small,small,small,small,small,small,small,small,small,small,small,small,small,small,small,small,small,small,small,small,small,small,small,small,small,small,small,small,small,small,small,small,small,big,big,small,small,small,small,small,small,no,Yes,No,Yes,small,small,small,small,small,small,small,big,big,small,big,big,small,tae.data
Yes,Yes,small,small,small,small,small,small,small,small,small,small,small,small,small,small,small,small,small,small,small,small,small,small,small,small,small,small,small,small,small,small,small,small,small,big,big,small,small,small,small,small,small,no,No,No,Yes,small,small,small,small,small,small,small,small,small,small,big,small,small,ThoraricSurgery.csv
Yes,Yes,big,small,small,small,small,small,small,small,small,small,small,small,small,small,small,small,small,small,small,small,small,small,small,small,small,small,small,small,small,small,small,small,small,small,small,small,small,small,small,small,small,no,No,No,No,small,small,small,small,small,small,small,small,small,big,small,big,small,"Thyroid Disease (New Thyroid) Multi-class Imbalanced data set
.csv"
Yes,No,small,small,small,small,small,small,small,small,small,small,small,small,small,small,small,small,small,small,small,small,small,small,small,small,small,small,small,small,small,small,small,small,small,big,big,small,small,small,small,small,small,no,No,Yes,Yes,small,small,small,small,small,small,small,small,big,small,big,small,small,thyroid multiclass imbalance.csv
Yes,No,small,small,small,small,small,small,small,small,small,small,small,small,small,big,small,small,small,small,small,small,small,small,small,small,small,small,small,small,small,small,small,small,small,big,big,small,small,small,small,small,small,no,No,No,Yes,small,small,small,small,small,small,small,small,small,small,big,small,small,thyroid.csv
Yes,No,small,small,small,small,small,small,small,small,small,small,small,small,small,big,small,small,small,small,small,small,small,small,small,small,small,small,small,small,small,small,small,small,small,big,big,small,small,small,small,small,small,no,No,No,Yes,small,small,small,small,small,small,small,small,small,small,big,small,small,thyroid5cn21.csv
Yes,Yes,small,small,small,small,small,small,small,small,small,small,small,small,small,small,small,small,small,small,small,small,small,small,small,small,small,small,small,small,small,small,small,small,small,big,small,small,small,small,small,small,small,no,No,Yes,Yes,small,small,small,small,small,small,small,small,small,small,small,big,small,tic-tac-toe.data
Yes,No,small,big,small,small,small,small,small,small,small,small,small,small,small,small,small,small,small,small,small,small,small,small,small,small,small,small,small,small,small,small,small,small,small,big,big,small,small,small,small,small,small,no,No,No,No,small,small,small,small,small,small,small,small,small,small,big,big,small,titanic.csv
No,No,small,big,small,small,small,small,small,small,small,small,small,small,small,small,small,small,small,small,small,small,small,small,small,small,small,small,small,small,small,small,small,small,small,big,big,small,small,small,small,small,small,no,No,No,Yes,small,small,small,small,small,small,small,big,big,small,big,big,small,trial.csv
Yes,No,small,small,small,small,small,small,small,small,small,small,small,small,small,small,small,small,small,small,small,small,small,small,small,small,small,big,big,small,small,small,small,small,small,big,big,small,small,small,small,small,small,no,No,No,No,small,small,big,small,big,big,small,big,big,small,small,big,small,TUANDROMD.csv
Yes,No,small,small,small,small,small,small,small,small,small,small,small,small,small,small,small,small,small,small,small,small,small,small,small,small,small,small,small,small,small,small,small,small,small,small,small,small,small,small,small,small,small,yes,Yes,No,No,small,small,big,small,big,small,small,small,small,big,small,big,small,Turkish_music.csv
Yes,Yes,big,big,small,small,small,small,small,small,small,small,small,small,small,small,small,small,small,small,small,small,small,small,small,small,big,small,small,small,small,small,small,small,small,small,small,small,small,small,small,small,small,no,No,No,Yes,small,small,small,small,small,small,small,small,small,big,small,big,small,vehicle0.csv
Yes,Yes,big,big,small,small,small,small,small,small,small,small,small,small,small,small,small,small,small,small,small,small,small,small,small,small,big,small,small,small,small,small,small,small,small,small,small,small,small,small,small,small,small,no,No,No,Yes,small,small,small,small,small,small,small,small,big,big,small,big,small,vehicle1.csv
Yes,Yes,big,big,small,small,small,small,small,small,small,small,small,small,small,small,small,small,small,small,small,small,small,small,small,small,big,small,small,small,small,small,small,small,small,small,small,small,small,small,small,small,small,no,No,No,Yes,small,small,small,small,small,small,small,big,big,big,small,big,small,vehicle2.csv
Yes,Yes,big,big,small,small,small,small,small,small,small,small,small,small,small,small,small,small,small,small,small,small,small,small,small,small,big,small,small,small,small,small,small,small,small,small,small,small,small,small,small,small,small,no,No,No,Yes,small,small,small,small,small,small,small,big,big,big,small,big,small,vehicle3.csv
Yes,Yes,small,big,small,small,small,small,small,small,small,small,small,small,small,small,small,small,small,small,small,small,small,small,small,small,small,small,small,small,small,small,small,small,small,small,big,small,small,small,small,small,small,no,No,No,No,small,small,small,small,small,small,small,small,small,big,big,big,small,Wholesale customers data.csv
Yes,Yes,big,big,small,small,small,small,small,small,small,small,small,small,small,small,small,small,small,small,small,small,small,small,small,small,small,small,small,small,small,small,small,small,small,small,small,small,small,small,small,small,small,no,Yes,No,Yes,small,small,small,small,small,small,small,small,small,big,small,big,small,wine imbalance.csv
Yes,Yes,big,big,small,small,small,small,small,small,small,small,small,small,small,small,small,small,small,small,small,small,small,small,small,small,small,small,small,small,small,small,small,small,small,small,small,small,small,small,small,small,small,no,Yes,No,Yes,small,small,small,small,small,small,small,small,small,big,small,big,small,wine.data
Yes,Yes,big,big,small,small,small,small,small,small,small,small,small,small,small,small,small,small,small,small,small,small,small,small,small,small,small,small,small,small,small,small,small,small,small,small,small,small,small,small,small,small,small,no,Yes,No,Yes,small,small,small,small,small,small,small,small,small,big,small,big,small,wine5cn10-nc.csv
Yes,No,small,big,small,small,small,small,small,small,small,small,small,small,small,small,small,small,small,small,small,small,small,small,small,small,small,small,small,small,small,small,small,small,small,small,small,small,small,small,small,big,big,yes,No,No,No,small,small,small,small,small,small,small,small,small,big,small,big,small,winequality-red.csv
Yes,No,small,big,small,small,small,small,small,small,small,small,small,small,small,small,small,small,small,small,small,small,small,small,small,small,small,small,small,small,small,small,small,small,small,small,small,small,small,small,small,big,big,yes,No,No,No,small,small,small,small,small,small,small,small,small,big,small,big,small,winequality-white.csv
Yes,No,small,small,small,small,small,small,small,small,small,small,small,small,small,small,small,small,small,small,small,small,small,small,small,small,small,small,small,small,small,small,small,small,small,small,big,small,small,small,small,small,small,no,No,No,Yes,small,small,small,small,small,small,small,small,small,small,big,small,small,yeast-0-5-6-7-9_vs_4.csv
Yes,No,small,small,small,small,small,small,small,small,small,small,small,small,small,small,small,small,small,small,small,small,small,small,small,small,small,small,small,small,small,small,small,small,small,small,big,small,small,small,small,small,small,no,No,No,Yes,small,small,small,small,small,small,small,small,small,big,big,small,small,yeast-1_vs_7.csv
Yes,No,small,small,small,small,small,small,small,small,small,small,small,small,small,small,small,small,small,small,small,small,small,small,small,small,small,small,small,small,small,small,small,small,small,small,big,small,small,small,small,small,small,no,No,No,Yes,small,small,small,small,small,small,small,small,small,small,big,small,small,yeast-2_vs_4.csv
Yes,No,small,small,small,small,small,small,small,small,small,small,small,small,small,small,small,small,small,small,small,small,small,small,small,small,small,small,small,small,small,small,small,small,small,small,big,small,small,small,small,small,small,no,No,No,Yes,small,small,small,small,small,small,small,small,small,small,big,small,small,yeast-2_vs_8.csv
Yes,Yes,small,small,small,small,small,small,small,small,small,small,small,small,small,small,small,small,small,small,small,small,small,small,small,small,small,small,small,small,small,small,small,small,small,small,big,small,small,small,small,small,small,yes,No,No,No,small,small,small,small,small,small,small,small,small,big,big,big,small,yeast.data
Yes,No,small,small,small,small,small,small,small,small,small,small,small,small,small,small,small,small,small,small,small,small,small,small,small,small,small,small,small,small,small,small,small,small,small,small,big,small,small,small,small,small,small,no,No,No,Yes,small,small,small,small,small,small,small,small,small,big,big,big,small,yeast1.csv
Yes,No,small,small,small,small,small,small,small,small,small,small,small,small,small,small,small,small,small,small,small,small,small,small,small,small,small,small,small,small,small,small,small,small,small,small,big,small,small,small,small,small,small,no,No,No,Yes,small,small,small,small,small,small,small,small,small,big,big,small,small,yeast3.csv
Yes,No,small,small,small,small,small,small,small,small,small,small,small,small,small,small,small,small,small,small,small,small,small,small,small,small,small,small,small,small,small,small,small,small,small,small,big,small,small,small,small,small,small,no,No,No,Yes,small,small,small,small,small,small,small,small,small,big,big,small,small,yeast4.csv
Yes,No,small,small,small,small,small,small,small,small,small,small,small,small,small,small,small,small,small,small,small,small,small,small,small,small,small,small,small,small,small,small,small,small,small,small,big,small,small,small,small,small,small,no,No,No,Yes,small,small,small,small,small,small,small,small,small,big,big,small,small,yeast5.csv
Yes,No,small,small,small,small,small,small,small,small,small,small,small,small,small,small,small,small,small,small,small,small,small,small,small,small,small,small,small,small,small,small,small,small,small,small,big,small,small,small,small,small,small,no,No,No,Yes,small,small,small,small,small,small,small,small,small,big,big,big,small,yeast5cn21.csv
Yes,No,small,small,small,small,small,small,small,small,small,small,small,small,small,small,small,small,small,small,small,small,small,small,small,small,small,small,small,small,small,small,small,small,small,small,big,small,small,small,small,small,small,no,No,No,Yes,small,small,small,small,small,small,small,small,small,big,big,small,small,yeast6.csv
Yes,No,small,small,small,small,small,small,small,small,small,small,small,small,small,small,small,small,small,small,small,small,small,small,small,small,small,small,small,small,small,small,small,small,small,small,big,small,small,small,small,small,small,no,No,No,Yes,small,small,small,small,small,small,small,small,small,big,big,big,small,yeastimbalance.csv
Yes,Yes,small,big,small,small,small,small,small,small,small,small,small,small,small,small,small,small,small,small,small,small,small,small,small,small,small,small,small,small,small,small,small,small,small,big,big,small,small,small,small,small,small,no,No,Yes,Yes,big,small,small,small,small,small,small,big,big,small,small,big,small,zoo.data
