File,Cluster,alpha0.02beta0.0,alpha0.02beta0.02,alpha0.02beta0.04,alpha0.02beta0.06,alpha0.02beta0.08,alpha0.02beta0.1,alpha0.04beta0.0,alpha0.04beta0.02,alpha0.04beta0.04,alpha0.04beta0.06,alpha0.04beta0.08,alpha0.04beta0.1,alpha0.06beta0.0,alpha0.06beta0.02,alpha0.06beta0.04,alpha0.06beta0.06,alpha0.06beta0.08,alpha0.06beta0.1,alpha0.08beta0.0,alpha0.08beta0.02,alpha0.08beta0.04,alpha0.08beta0.06,alpha0.08beta0.08,alpha0.08beta0.1,alpha0.0beta0.0,alpha0.0beta0.02,alpha0.0beta0.04,alpha0.0beta0.06,alpha0.0beta0.08,alpha0.0beta0.1,alpha0.1beta0.0,alpha0.1beta0.02,alpha0.1beta0.04,alpha0.1beta0.06,alpha0.1beta0.08,alpha0.1beta0.1
chronic_kidney_disease_full.csv,0,GR,GR,chisquare,chisquare,chisquare,chisquare,chisquare,chisquare,chisquare,chisquare,chisquare,chisquare,chisquare,chisquare,chisquare,chisquare,chisquare,chisquare,chisquare,chisquare,chisquare,chisquare,chisquare,chisquare,GR,GR,MI,mrmr,chisquare,chisquare,chisquare,chisquare,chisquare,relief,relief,relief
Autism-Adolescent-Data.csv,0,GR,GR,chisquare,chisquare,chisquare,chisquare,chisquare,chisquare,chisquare,chisquare,chisquare,chisquare,chisquare,chisquare,chisquare,chisquare,chisquare,chisquare,chisquare,chisquare,chisquare,chisquare,chisquare,chisquare,GR,GR,GR,GR,GR,chisquare,chisquare,chisquare,chisquare,chisquare,chisquare,chisquare
SouthGermanCredit.asc,0,chisquare,chisquare,chisquare,chisquare,chisquare,chisquare,chisquare,chisquare,chisquare,chisquare,chisquare,chisquare,chisquare,chisquare,chisquare,chisquare,chisquare,chisquare,chisquare,chisquare,chisquare,chisquare,GR,GR,GR,GR,GR,GR,GR,GR,cfs,cfs,cfs,cfs,cfs,cfs
Z-Alizadeh sani dataset.xlsx,0,GR,GR,GR,GR,GR,GR,GR,GR,GR,GR,GR,GR,GR,GR,GR,GR,GR,chisquare,GR,GR,GR,GR,chisquare,chisquare,GR,cfs,cfs,cfs,cfs,cfs,GR,chisquare,chisquare,chisquare,chisquare,chisquare
Data_User_Modeling_Dataset_Hamdi Tolga KAHRAMAN.csv,4,relieff,relieff,relieff,relieff,relieff,relieff,GR,GR,GR,GR,GR,GR,GR,GR,GR,GR,GR,GR,GR,GR,GR,GR,GR,GR,relieff,relieff,relieff,relieff,relieff,relieff,GR,GR,GR,GR,GR,GR
non-verbal tourist data.csv,0,GR,GR,GR,GR,GR,GR,GR,GR,GR,GR,GR,GR,GR,GR,GR,GR,GR,GR,GR,GR,chisquare,chisquare,chisquare,chisquare,GR,GR,GR,GR,GR,GR,chisquare,chisquare,chisquare,chisquare,chisquare,chisquare
1year.csv,2,chisquare,chisquare,chisquare,chisquare,chisquare,chisquare,chisquare,chisquare,chisquare,chisquare,chisquare,chisquare,chisquare,chisquare,chisquare,chisquare,chisquare,chisquare,chisquare,chisquare,chisquare,chisquare,chisquare,chisquare,chisquare,chisquare,chisquare,chisquare,chisquare,chisquare,chisquare,chisquare,chisquare,chisquare,chisquare,fcbf
2year.csv,2,chisquare,chisquare,chisquare,chisquare,chisquare,chisquare,chisquare,chisquare,chisquare,chisquare,chisquare,chisquare,chisquare,chisquare,chisquare,chisquare,chisquare,chisquare,chisquare,chisquare,chisquare,chisquare,relief,relief,fcbf,chisquare,chisquare,chisquare,chisquare,chisquare,chisquare,relief,relief,chisquare,relief,relief
3year.csv,2,chisquare,chisquare,chisquare,chisquare,chisquare,chisquare,chisquare,chisquare,chisquare,chisquare,chisquare,chisquare,chisquare,chisquare,chisquare,chisquare,chisquare,chisquare,chisquare,chisquare,chisquare,chisquare,chisquare,relief,GR,chisquare,chisquare,chisquare,chisquare,chisquare,chisquare,GR,GR,chisquare,GR,relief
4year.csv,2,chisquare,chisquare,chisquare,chisquare,relief,relief,chisquare,chisquare,chisquare,chisquare,chisquare,chisquare,chisquare,chisquare,chisquare,chisquare,chisquare,chisquare,chisquare,chisquare,chisquare,chisquare,chisquare,chisquare,multisurf,relief,relief,relief,relief,relief,chisquare,relief,relief,relief,relief,relief
5year.csv,2,relief,relief,relief,relief,relief,relief,relief,relief,relief,relief,relief,relief,relief,relief,relief,relief,relief,chisquare,relief,relief,chisquare,chisquare,chisquare,relief,MI,relief,relief,relief,relief,relief,chisquare,chisquare,relief,relief,chisquare,relief
abalone.data,3,chisquare,chisquare,chisquare,chisquare,chisquare,chisquare,chisquare,chisquare,chisquare,chisquare,chisquare,chisquare,chisquare,chisquare,chisquare,chisquare,chisquare,chisquare,chisquare,chisquare,chisquare,chisquare,chisquare,chisquare,mrmr,mrmr,mrmr,mrmr,chisquare,chisquare,relief,relief,relief,relief,relief,relief
abalone9-18.csv,3,relief,relief,relief,relief,relief,relief,relief,relief,relief,relief,relief,relief,relief,relief,relief,relief,relief,relief,relief,relief,relief,relief,relief,relief,MI,mrmr,mrmr,mrmr,mrmr,mrmr,GR,GR,GR,GR,relief,relief
adult.csv,4,chisquare,chisquare,chisquare,chisquare,chisquare,chisquare,chisquare,chisquare,chisquare,chisquare,chisquare,chisquare,chisquare,chisquare,chisquare,chisquare,chisquare,chisquare,relief,relief,relief,relief,relief,relief,mrmr,mrmr,relief,relief,relief,relief,relief,relief,relief,MI,MI,MI
agaricus-lepiota.data,4,chisquare,chisquare,chisquare,chisquare,chisquare,chisquare,chisquare,chisquare,chisquare,chisquare,chisquare,chisquare,chisquare,chisquare,chisquare,chisquare,chisquare,chisquare,fcbf,fcbf,fcbf,fcbf,fcbf,fcbf,multisurf,multisurf,multisurf,multisurf,multisurf,multisurf,GR,GR,GR,GR,GR,GR
Algerian_forest_fires_dataset_UPDATE.csv,4,GR,GR,GR,GR,GR,GR,GR,GR,GR,GR,GR,GR,GR,GR,GR,GR,GR,GR,GR,GR,GR,GR,GR,GR,GR,GR,GR,GR,GR,GR,chisquare,chisquare,chisquare,chisquare,chisquare,chisquare
appendicitis.csv,3,GR,GR,chisquare,chisquare,chisquare,chisquare,GR,GR,GR,chisquare,chisquare,chisquare,GR,GR,GR,GR,MI,MI,GR,GR,GR,GR,MI,MI,GR,chisquare,chisquare,chisquare,chisquare,chisquare,GR,GR,GR,GR,MI,MI
audit_risk.csv,0,GR,GR,GR,GR,GR,GR,chisquare,chisquare,chisquare,chisquare,chisquare,chisquare,chisquare,chisquare,chisquare,chisquare,chisquare,chisquare,chisquare,chisquare,chisquare,chisquare,chisquare,chisquare,GR,GR,GR,GR,GR,GR,chisquare,chisquare,chisquare,chisquare,chisquare,chisquare
audit_trial.csv,0,GR,GR,GR,GR,GR,GR,GR,GR,GR,GR,GR,GR,GR,GR,GR,GR,GR,chisquare,GR,chisquare,chisquare,chisquare,chisquare,chisquare,GR,cfs,cfs,cfs,cfs,cfs,chisquare,chisquare,chisquare,chisquare,chisquare,chisquare
Autism-Adult-Data.csv,0,chisquare,chisquare,chisquare,chisquare,chisquare,chisquare,chisquare,chisquare,chisquare,chisquare,chisquare,chisquare,chisquare,chisquare,chisquare,chisquare,chisquare,chisquare,chisquare,chisquare,chisquare,chisquare,chisquare,chisquare,GR,GR,GR,relief,relief,relief,relief,relief,relief,relief,relief,relief
Autism-Child-Data.csv,0,relief,relief,relief,relief,relief,relief,relief,relief,relief,relief,relief,relief,relief,relief,relief,relief,relief,relief,GR,GR,GR,GR,GR,GR,MI,mrmr,mrmr,mrmr,mrmr,mrmr,GR,GR,GR,GR,GR,GR
Automobile_data.csv,0,MI,MI,MI,MI,MI,MI,MI,MI,MI,MI,MI,MI,MI,MI,MI,MI,chisquare,chisquare,MI,chisquare,chisquare,chisquare,chisquare,chisquare,MI,MI,MI,MI,MI,MI,chisquare,chisquare,chisquare,chisquare,chisquare,chisquare
automobileimbalance.csv,0,fcbf,fcbf,fcbf,fcbf,chisquare,chisquare,fcbf,fcbf,chisquare,chisquare,chisquare,chisquare,chisquare,chisquare,chisquare,chisquare,chisquare,chisquare,chisquare,chisquare,chisquare,chisquare,chisquare,chisquare,fcbf,fcbf,fcbf,fcbf,fcbf,fcbf,chisquare,chisquare,chisquare,chisquare,chisquare,chisquare
balance-scale.data,4,GR,GR,GR,GR,GR,GR,GR,GR,GR,GR,GR,GR,GR,GR,GR,GR,GR,GR,GR,GR,GR,GR,GR,GR,GR,GR,GR,GR,GR,GR,chisquare,chisquare,chisquare,chisquare,chisquare,chisquare
balancescaleimbalanced.csv,4,chisquare,chisquare,chisquare,chisquare,chisquare,chisquare,chisquare,chisquare,chisquare,chisquare,chisquare,chisquare,chisquare,chisquare,chisquare,chisquare,chisquare,chisquare,chisquare,chisquare,chisquare,chisquare,chisquare,chisquare,mrmr,mrmr,mrmr,mrmr,mrmr,mrmr,chisquare,chisquare,chisquare,GR,GR,GR
bloodtransfusion.data,3,fcbf,fcbf,fcbf,cfs,cfs,cfs,chisquare,chisquare,chisquare,chisquare,chisquare,chisquare,chisquare,chisquare,chisquare,chisquare,chisquare,chisquare,chisquare,chisquare,chisquare,chisquare,chisquare,chisquare,fcbf,fcbf,cfs,cfs,cfs,cfs,chisquare,chisquare,chisquare,chisquare,chisquare,chisquare
bone-marrow.csv,0,GR,GR,GR,GR,GR,GR,GR,GR,GR,GR,GR,GR,GR,GR,GR,GR,GR,GR,GR,GR,GR,GR,GR,GR,GR,GR,GR,GR,GR,GR,GR,GR,GR,chisquare,chisquare,GR
Breast Cancer Wisconsin (Diagnostic) data set-5cn10-nc.csv,3,GR,chisquare,chisquare,chisquare,chisquare,chisquare,chisquare,chisquare,chisquare,chisquare,chisquare,chisquare,chisquare,chisquare,chisquare,chisquare,chisquare,chisquare,chisquare,chisquare,chisquare,chisquare,chisquare,chisquare,relieff,relieff,chisquare,chisquare,chisquare,chisquare,chisquare,chisquare,relief,relief,relief,relief
breast-cancer-wisconsin.data,3,MI,relief,relief,relief,relief,relief,chisquare,chisquare,chisquare,relief,relief,relief,chisquare,chisquare,chisquare,chisquare,chisquare,chisquare,chisquare,chisquare,chisquare,chisquare,chisquare,chisquare,MI,mrmr,mrmr,relief,relief,relief,chisquare,chisquare,chisquare,chisquare,chisquare,chisquare
breastcancercoimbra.csv,0,MI,MI,MI,MI,MI,MI,MI,MI,MI,MI,MI,MI,MI,MI,MI,MI,MI,MI,MI,MI,MI,MI,MI,MI,MI,MI,MI,MI,MI,MI,MI,MI,MI,MI,MI,MI
breastcancerimbalance.csv,3,MI,MI,relief,relief,relief,relief,fcbf,relief,relief,relief,relief,relief,fcbf,fcbf,fcbf,fcbf,relief,relief,GR,GR,GR,GR,GR,GR,MI,MI,MI,MI,relief,relief,GR,GR,GR,GR,GR,GR
breastcancerwdbc.data,3,chisquare,chisquare,chisquare,chisquare,chisquare,chisquare,chisquare,chisquare,chisquare,chisquare,chisquare,chisquare,chisquare,chisquare,chisquare,chisquare,chisquare,chisquare,chisquare,chisquare,chisquare,chisquare,chisquare,chisquare,multisurf,chisquare,chisquare,chisquare,chisquare,chisquare,chisquare,chisquare,chisquare,chisquare,chisquare,chisquare
brestcancerwpbc.data,0,MI,MI,relief,chisquare,chisquare,chisquare,MI,chisquare,chisquare,chisquare,chisquare,chisquare,chisquare,chisquare,chisquare,chisquare,chisquare,chisquare,chisquare,chisquare,chisquare,chisquare,chisquare,chisquare,MI,MI,relief,relief,relief,relief,chisquare,chisquare,chisquare,chisquare,chisquare,chisquare
bupa.data,3,MI,MI,MI,MI,MI,MI,MI,MI,MI,MI,chisquare,chisquare,chisquare,chisquare,chisquare,chisquare,chisquare,chisquare,chisquare,chisquare,chisquare,chisquare,chisquare,chisquare,multisurf,mrmr,mrmr,mrmr,mrmr,mrmr,chisquare,chisquare,chisquare,chisquare,chisquare,GR
burstheader.csv,1,MI,MI,relief,relief,relief,relief,MI,relief,chisquare,chisquare,chisquare,chisquare,chisquare,chisquare,chisquare,chisquare,chisquare,chisquare,chisquare,chisquare,chisquare,chisquare,GR,GR,MI,MI,mrmr,relief,relief,relief,fcbf,fcbf,fcbf,fcbf,fcbf,fcbf
caesarian.csv,0,chisquare,chisquare,chisquare,chisquare,chisquare,chisquare,chisquare,chisquare,chisquare,chisquare,chisquare,chisquare,chisquare,chisquare,chisquare,chisquare,chisquare,chisquare,chisquare,chisquare,chisquare,chisquare,GR,GR,chisquare,chisquare,chisquare,chisquare,chisquare,chisquare,chisquare,GR,GR,GR,GR,GR
car.data,4,relief,relief,relief,relief,relief,relief,relief,relief,relief,relief,relief,relief,chisquare,chisquare,relief,relief,relief,relief,chisquare,chisquare,chisquare,chisquare,chisquare,chisquare,MI,MI,MI,MI,MI,MI,GR,GR,GR,GR,GR,GR
cargo2000_data_comma.csv,0,GR,GR,GR,GR,GR,GR,GR,GR,GR,GR,GR,chisquare,chisquare,chisquare,chisquare,chisquare,chisquare,chisquare,chisquare,chisquare,chisquare,chisquare,chisquare,chisquare,GR,GR,GR,GR,GR,GR,relief,relief,relief,relief,relief,relief
cervical_behaviour.csv,0,fcbf,fcbf,fcbf,fcbf,fcbf,fcbf,fcbf,fcbf,fcbf,fcbf,fcbf,fcbf,GR,GR,GR,GR,GR,GR,GR,GR,GR,GR,GR,GR,fcbf,fcbf,fcbf,fcbf,fcbf,fcbf,GR,GR,GR,GR,GR,GR
cervical_risk_factors_cervical_cancer.csv,0,GR,fcbf,fcbf,fcbf,fcbf,fcbf,chisquare,chisquare,chisquare,chisquare,chisquare,chisquare,chisquare,chisquare,chisquare,chisquare,chisquare,chisquare,chisquare,chisquare,chisquare,chisquare,chisquare,relief,GR,fcbf,fcbf,fcbf,fcbf,fcbf,relief,relief,MI,MI,MI,MI
Chemical Composion of Ceramic.csv,0,relief,relief,relief,relief,relief,relief,relief,relief,relief,relief,relief,relief,relief,relief,relief,relief,relief,relief,relief,relief,relief,relief,relief,relief,MI,relief,relief,relief,relief,relief,relief,relief,relief,relief,relief,relief
chesskr-vs-kp.data,0,chisquare,chisquare,chisquare,chisquare,chisquare,chisquare,chisquare,chisquare,chisquare,chisquare,chisquare,chisquare,chisquare,chisquare,chisquare,chisquare,chisquare,chisquare,chisquare,chisquare,chisquare,relief,relief,relief,MI,MI,MI,MI,chisquare,chisquare,MI,MI,MI,MI,MI,MI
ckd-dataset-v2.csv,0,chisquare,chisquare,chisquare,chisquare,chisquare,chisquare,chisquare,chisquare,chisquare,chisquare,chisquare,chisquare,chisquare,chisquare,chisquare,chisquare,chisquare,chisquare,chisquare,chisquare,chisquare,chisquare,chisquare,chisquare,chisquare,chisquare,chisquare,chisquare,chisquare,chisquare,chisquare,chisquare,chisquare,chisquare,chisquare,chisquare
climate_pop_failures.dat,4,GR,GR,GR,GR,GR,GR,GR,GR,GR,GR,GR,GR,GR,GR,GR,GR,GR,GR,GR,GR,GR,GR,GR,GR,GR,GR,GR,GR,GR,GR,GR,GR,GR,GR,GR,GR
column_2C_weka.csv,3,GR,GR,GR,GR,GR,GR,GR,GR,GR,GR,GR,GR,GR,GR,GR,GR,GR,GR,GR,GR,GR,GR,GR,GR,GR,GR,GR,GR,GR,GR,GR,GR,GR,GR,GR,GR
column_3C_weka.csv,3,cfs,cfs,cfs,cfs,cfs,cfs,cfs,cfs,cfs,cfs,cfs,cfs,GR,GR,GR,GR,GR,GR,GR,GR,GR,GR,GR,GR,cfs,cfs,cfs,cfs,cfs,cfs,chisquare,chisquare,chisquare,chisquare,chisquare,chisquare
congress_house-votes-84.data,0,relief,relief,relief,relief,relief,relief,relief,relief,relief,relief,relief,relief,relief,relief,relief,relief,relief,relief,relief,relief,relief,relief,relief,relief,mrmr,mrmr,mrmr,mrmr,mrmr,mrmr,relief,chisquare,chisquare,MI,chisquare,chisquare
connect-4.data,4,chisquare,chisquare,chisquare,chisquare,chisquare,chisquare,chisquare,chisquare,chisquare,chisquare,chisquare,chisquare,chisquare,chisquare,chisquare,chisquare,chisquare,chisquare,relief,relief,relief,relief,relief,relief,mrmr,cfs,cfs,cfs,cfs,cfs,mrmr,mrmr,mrmr,mrmr,mrmr,mrmr
connectionist-bench.data,0,relief,relief,MI,chisquare,chisquare,chisquare,relief,relief,chisquare,chisquare,chisquare,chisquare,chisquare,chisquare,chisquare,chisquare,chisquare,chisquare,chisquare,chisquare,chisquare,chisquare,chisquare,chisquare,MI,MI,MI,MI,MI,chisquare,chisquare,chisquare,chisquare,chisquare,chisquare,chisquare
contraceptive.data,0,chisquare,chisquare,chisquare,chisquare,chisquare,chisquare,chisquare,chisquare,chisquare,chisquare,chisquare,chisquare,chisquare,chisquare,chisquare,chisquare,chisquare,chisquare,chisquare,chisquare,chisquare,chisquare,chisquare,chisquare,chisquare,chisquare,chisquare,chisquare,chisquare,chisquare,relief,relief,relief,relief,relief,relief
contraceptive5cn02.csv,0,chisquare,chisquare,chisquare,chisquare,chisquare,chisquare,chisquare,chisquare,chisquare,chisquare,chisquare,chisquare,chisquare,chisquare,chisquare,chisquare,chisquare,chisquare,chisquare,chisquare,chisquare,chisquare,chisquare,chisquare,relief,relief,relief,relief,relief,GR,fcbf,fcbf,fcbf,fcbf,fcbf,fcbf
contraceptivemulticlass.csv,0,relief,relief,relief,relief,relief,relief,chisquare,chisquare,chisquare,chisquare,chisquare,chisquare,chisquare,chisquare,chisquare,chisquare,chisquare,chisquare,chisquare,chisquare,chisquare,chisquare,chisquare,chisquare,relief,relief,relief,relief,relief,relief,relief,relief,relief,relief,relief,relief
creditapprovallimits.data,0,GR,GR,GR,GR,GR,chisquare,GR,GR,GR,GR,chisquare,chisquare,GR,GR,GR,GR,chisquare,chisquare,GR,GR,GR,chisquare,chisquare,chisquare,mrmr,mrmr,mrmr,mrmr,mrmr,mrmr,GR,GR,chisquare,chisquare,chisquare,chisquare
Cryotherapy.xlsx,0,fcbf,fcbf,fcbf,fcbf,fcbf,fcbf,fcbf,fcbf,fcbf,fcbf,fcbf,fcbf,fcbf,fcbf,fcbf,fcbf,fcbf,fcbf,fcbf,fcbf,fcbf,fcbf,fcbf,fcbf,fcbf,fcbf,fcbf,fcbf,fcbf,fcbf,fcbf,fcbf,fcbf,fcbf,fcbf,fcbf
data_banknote_authentication.csv,3,GR,GR,GR,MI,MI,MI,GR,GR,GR,GR,GR,MI,GR,GR,GR,GR,GR,GR,GR,GR,chisquare,chisquare,chisquare,chisquare,GR,MI,MI,MI,MI,MI,GR,GR,GR,GR,GR,GR
dermatology.data,0,relief,relief,relief,relief,relief,chisquare,chisquare,chisquare,chisquare,chisquare,chisquare,chisquare,chisquare,chisquare,chisquare,chisquare,chisquare,chisquare,chisquare,chisquare,chisquare,chisquare,chisquare,chisquare,cfs,cfs,cfs,cfs,cfs,cfs,chisquare,chisquare,chisquare,chisquare,chisquare,chisquare
divorce.csv,3,relief,relief,relief,relief,relief,relief,relief,relief,relief,relief,relief,relief,relief,relief,chisquare,chisquare,chisquare,chisquare,chisquare,chisquare,chisquare,chisquare,chisquare,chisquare,MI,mrmr,mrmr,mrmr,mrmr,multisurf,chisquare,chisquare,chisquare,chisquare,chisquare,chisquare
Dry_Bean_Dataset.csv,3,cfs,cfs,cfs,cfs,cfs,chisquare,chisquare,chisquare,chisquare,chisquare,chisquare,chisquare,chisquare,chisquare,chisquare,chisquare,chisquare,relief,relief,relief,relief,relief,relief,MI,cfs,cfs,cfs,cfs,cfs,cfs,MI,MI,MI,MI,MI,MI
ecoli-0_vs_1.csv,4,relief,GR,GR,MI,MI,MI,GR,GR,GR,GR,chisquare,chisquare,GR,GR,GR,GR,chisquare,chisquare,GR,GR,GR,GR,chisquare,chisquare,mrmr,mrmr,mrmr,mrmr,mrmr,mrmr,GR,GR,GR,GR,chisquare,chisquare
ecoli-5cn01-nc.csv,4,relief,relief,relief,relief,relief,relief,relief,relief,relief,relief,relief,relief,relief,relief,relief,relief,chisquare,chisquare,chisquare,chisquare,chisquare,chisquare,chisquare,chisquare,relief,relief,relief,relief,relief,relief,chisquare,chisquare,chisquare,chisquare,chisquare,chisquare
ecoli.data,4,GR,GR,GR,GR,GR,GR,GR,GR,GR,GR,GR,GR,GR,GR,GR,GR,GR,GR,GR,GR,GR,GR,GR,GR,GR,GR,GR,GR,GR,GR,GR,GR,GR,GR,GR,GR
ecoli1.csv,4,GR,GR,GR,GR,GR,GR,GR,GR,GR,GR,GR,GR,GR,GR,GR,GR,GR,GR,GR,GR,chisquare,chisquare,chisquare,chisquare,GR,GR,GR,GR,GR,GR,chisquare,chisquare,chisquare,chisquare,chisquare,chisquare
ecoli2.csv,4,relief,relief,chisquare,chisquare,chisquare,chisquare,chisquare,chisquare,chisquare,chisquare,chisquare,chisquare,chisquare,chisquare,chisquare,chisquare,chisquare,chisquare,chisquare,chisquare,chisquare,chisquare,chisquare,chisquare,relieff,relieff,relieff,relieff,relieff,relieff,chisquare,chisquare,chisquare,chisquare,chisquare,chisquare
ecoli3.csv,4,GR,GR,GR,GR,GR,GR,chisquare,chisquare,chisquare,GR,GR,GR,chisquare,chisquare,chisquare,chisquare,chisquare,chisquare,chisquare,chisquare,chisquare,chisquare,chisquare,chisquare,GR,GR,GR,GR,GR,GR,chisquare,chisquare,chisquare,chisquare,chisquare,chisquare
ecoli4.csv,4,GR,chisquare,relief,relief,relief,MI,GR,relief,relief,relief,relief,relief,GR,chisquare,relief,relief,relief,relief,GR,chisquare,relief,relief,relief,relief,GR,chisquare,mrmr,mrmr,mrmr,mrmr,GR,chisquare,chisquare,chisquare,relief,relief
Electical_stability.csv,4,cfs,cfs,cfs,cfs,cfs,chisquare,chisquare,chisquare,chisquare,chisquare,chisquare,chisquare,chisquare,chisquare,chisquare,chisquare,chisquare,chisquare,chisquare,chisquare,relief,relief,relief,relief,cfs,cfs,cfs,cfs,cfs,cfs,relief,relief,relief,MI,MI,MI
extention of Z-Alizadeh sani dataset.xlsx,0,MI,MI,chisquare,chisquare,chisquare,chisquare,chisquare,chisquare,chisquare,chisquare,chisquare,chisquare,chisquare,chisquare,chisquare,chisquare,chisquare,chisquare,chisquare,chisquare,chisquare,chisquare,chisquare,chisquare,MI,MI,MI,mrmr,mrmr,mrmr,chisquare,chisquare,chisquare,chisquare,chisquare,GR
fertility_Diagnosis.data,0,chisquare,chisquare,GR,GR,GR,GR,GR,GR,GR,GR,GR,GR,GR,GR,GR,GR,GR,GR,GR,GR,GR,GR,GR,GR,chisquare,chisquare,chisquare,GR,GR,GR,GR,GR,GR,GR,GR,GR
glass identification imbalance.csv,4,fcbf,fcbf,fcbf,cfs,cfs,cfs,fcbf,fcbf,fcbf,fcbf,fcbf,fcbf,fcbf,fcbf,GR,GR,GR,GR,GR,GR,GR,GR,GR,GR,relieff,relieff,relieff,relieff,cfs,cfs,GR,GR,GR,chisquare,chisquare,chisquare
glass-0-1-2-3_vs_4-5-6.csv,4,GR,fcbf,fcbf,fcbf,fcbf,fcbf,GR,GR,fcbf,fcbf,fcbf,fcbf,GR,GR,GR,fcbf,fcbf,fcbf,GR,GR,GR,GR,fcbf,fcbf,GR,fcbf,fcbf,fcbf,fcbf,fcbf,GR,GR,GR,GR,chisquare,chisquare
glass-0-1-6_vs_2.csv,4,GR,GR,chisquare,chisquare,chisquare,chisquare,GR,GR,GR,chisquare,chisquare,chisquare,GR,GR,GR,GR,chisquare,chisquare,GR,GR,GR,GR,GR,chisquare,mrmr,chisquare,chisquare,chisquare,chisquare,chisquare,GR,GR,GR,GR,GR,GR
glass-0-1-6_vs_5.csv,4,chisquare,chisquare,chisquare,chisquare,chisquare,chisquare,chisquare,chisquare,chisquare,chisquare,chisquare,chisquare,chisquare,chisquare,chisquare,chisquare,chisquare,chisquare,chisquare,chisquare,chisquare,chisquare,chisquare,chisquare,chisquare,chisquare,chisquare,chisquare,multisurf,multisurf,chisquare,chisquare,chisquare,chisquare,chisquare,chisquare
glass.data,4,GR,GR,GR,GR,GR,GR,GR,GR,GR,GR,GR,GR,GR,GR,GR,GR,GR,GR,GR,GR,GR,GR,GR,GR,GR,GR,GR,GR,GR,GR,GR,GR,GR,GR,GR,GR
glass0.csv,4,MI,MI,MI,MI,MI,MI,MI,MI,MI,MI,MI,MI,MI,MI,MI,chisquare,chisquare,chisquare,chisquare,chisquare,chisquare,chisquare,chisquare,chisquare,cfs,MI,MI,MI,MI,mrmr,chisquare,chisquare,chisquare,chisquare,chisquare,chisquare
glass1.csv,4,fcbf,fcbf,fcbf,cfs,cfs,cfs,GR,GR,GR,GR,GR,GR,GR,GR,GR,GR,GR,GR,GR,GR,GR,GR,GR,GR,cfs,multisurf,multisurf,multisurf,multisurf,multisurf,GR,GR,GR,GR,GR,GR
glass2.csv,4,GR,GR,GR,GR,chisquare,chisquare,GR,GR,GR,chisquare,chisquare,chisquare,GR,chisquare,chisquare,chisquare,chisquare,chisquare,chisquare,chisquare,chisquare,chisquare,chisquare,chisquare,GR,GR,GR,GR,GR,chisquare,chisquare,chisquare,chisquare,chisquare,chisquare,chisquare
glass4.csv,4,GR,chisquare,chisquare,chisquare,chisquare,chisquare,GR,chisquare,chisquare,chisquare,chisquare,chisquare,GR,chisquare,chisquare,chisquare,chisquare,chisquare,GR,chisquare,chisquare,chisquare,chisquare,chisquare,GR,chisquare,chisquare,chisquare,chisquare,chisquare,GR,chisquare,chisquare,chisquare,chisquare,chisquare
glass5.csv,4,chisquare,chisquare,chisquare,chisquare,chisquare,chisquare,chisquare,chisquare,chisquare,chisquare,chisquare,chisquare,chisquare,chisquare,chisquare,chisquare,chisquare,chisquare,chisquare,chisquare,chisquare,chisquare,chisquare,chisquare,relieff,chisquare,chisquare,chisquare,chisquare,chisquare,chisquare,chisquare,chisquare,chisquare,chisquare,chisquare
glass5cn10.csv,4,GR,GR,GR,GR,GR,GR,GR,GR,GR,GR,GR,GR,GR,GR,GR,GR,GR,GR,GR,GR,GR,GR,GR,GR,GR,GR,GR,GR,GR,GR,GR,GR,GR,GR,GR,GR
glass6.csv,4,GR,GR,GR,GR,GR,fcbf,GR,GR,GR,GR,GR,fcbf,GR,GR,GR,GR,GR,fcbf,GR,GR,GR,GR,GR,fcbf,GR,GR,GR,GR,fcbf,fcbf,GR,GR,GR,GR,GR,fcbf
Haberman imbalance.csv,4,GR,fcbf,fcbf,fcbf,fcbf,fcbf,GR,GR,fcbf,fcbf,fcbf,fcbf,GR,GR,GR,fcbf,fcbf,fcbf,GR,GR,GR,GR,fcbf,fcbf,GR,fcbf,fcbf,fcbf,fcbf,fcbf,GR,GR,GR,GR,fcbf,fcbf
haberman.data,4,GR,fcbf,fcbf,fcbf,fcbf,fcbf,GR,GR,fcbf,fcbf,fcbf,fcbf,GR,GR,GR,fcbf,fcbf,fcbf,GR,GR,chisquare,chisquare,chisquare,chisquare,GR,fcbf,fcbf,fcbf,fcbf,fcbf,chisquare,chisquare,chisquare,chisquare,chisquare,chisquare
Hayes-roth imbalance.csv,0,MI,MI,MI,MI,MI,MI,MI,MI,MI,MI,MI,MI,MI,MI,MI,MI,MI,MI,GR,GR,GR,GR,GR,GR,MI,MI,MI,MI,MI,MI,GR,GR,GR,GR,GR,GR
hayes-roth.data,0,GR,GR,GR,GR,GR,GR,GR,GR,GR,GR,GR,GR,GR,GR,GR,GR,GR,GR,chisquare,chisquare,chisquare,chisquare,chisquare,chisquare,GR,GR,GR,GR,GR,GR,chisquare,chisquare,chisquare,chisquare,chisquare,chisquare
hcc-data.data,0,MI,MI,relief,relief,relief,relief,MI,MI,relief,relief,relief,relief,MI,MI,relief,relief,relief,relief,MI,relief,relief,relief,relief,relief,MI,mrmr,mrmr,relief,relief,relief,MI,relief,relief,relief,chisquare,chisquare
HCV-Egy-Data.csv,0,chisquare,chisquare,chisquare,chisquare,chisquare,chisquare,chisquare,chisquare,chisquare,chisquare,chisquare,chisquare,chisquare,chisquare,chisquare,chisquare,chisquare,chisquare,chisquare,chisquare,chisquare,chisquare,chisquare,relief,chisquare,chisquare,chisquare,chisquare,chisquare,chisquare,relief,relief,MI,MI,MI,MI
hcvdat0.csv,4,MI,MI,MI,MI,MI,MI,chisquare,chisquare,chisquare,chisquare,chisquare,chisquare,chisquare,chisquare,chisquare,chisquare,chisquare,chisquare,chisquare,chisquare,chisquare,chisquare,chisquare,chisquare,MI,MI,MI,MI,MI,MI,GR,GR,chisquare,chisquare,chisquare,chisquare
heart_failure_clinical_records_dataset.csv,4,MI,MI,MI,MI,MI,MI,MI,MI,MI,MI,MI,chisquare,chisquare,chisquare,chisquare,chisquare,chisquare,chisquare,chisquare,chisquare,chisquare,chisquare,chisquare,chisquare,MI,MI,MI,MI,MI,MI,chisquare,chisquare,chisquare,chisquare,chisquare,chisquare
highereducation.csv,0,GR,GR,GR,GR,GR,chisquare,GR,GR,GR,chisquare,chisquare,chisquare,GR,chisquare,chisquare,chisquare,chisquare,chisquare,chisquare,chisquare,chisquare,chisquare,chisquare,chisquare,GR,GR,GR,GR,GR,GR,chisquare,chisquare,chisquare,chisquare,chisquare,GR
horse.csv,0,GR,GR,GR,GR,GR,GR,GR,GR,GR,GR,GR,GR,GR,GR,GR,GR,GR,GR,GR,GR,GR,GR,GR,GR,GR,GR,GR,GR,GR,GR,GR,GR,GR,GR,GR,GR
HTRU_2.csv,3,chisquare,chisquare,chisquare,chisquare,chisquare,fcbf,chisquare,chisquare,chisquare,chisquare,chisquare,chisquare,chisquare,chisquare,chisquare,chisquare,chisquare,chisquare,chisquare,chisquare,chisquare,chisquare,chisquare,chisquare,MI,MI,MI,MI,MI,MI,GR,fcbf,fcbf,GR,GR,GR
Immunotherapy.xlsx,4,chisquare,chisquare,chisquare,MI,MI,MI,chisquare,chisquare,chisquare,GR,GR,GR,GR,GR,GR,GR,GR,GR,GR,GR,GR,GR,GR,GR,chisquare,MI,MI,MI,MI,MI,GR,GR,GR,GR,GR,GR
Indian Liver Patient Dataset (ILPD).csv,4,fcbf,fcbf,fcbf,fcbf,fcbf,GR,fcbf,fcbf,fcbf,fcbf,fcbf,GR,fcbf,fcbf,fcbf,fcbf,chisquare,chisquare,fcbf,fcbf,chisquare,chisquare,chisquare,chisquare,relieff,relieff,relieff,fcbf,GR,GR,chisquare,chisquare,chisquare,chisquare,chisquare,chisquare
insurancedata2000.data,0,fcbf,fcbf,fcbf,fcbf,fcbf,fcbf,chisquare,chisquare,chisquare,chisquare,chisquare,chisquare,chisquare,chisquare,chisquare,chisquare,chisquare,chisquare,relief,relief,relief,relief,relief,relief,fcbf,fcbf,fcbf,fcbf,fcbf,fcbf,MI,MI,MI,MI,MI,MI
ionosphere-5cn01-n.csv,0,chisquare,chisquare,chisquare,chisquare,chisquare,chisquare,chisquare,chisquare,chisquare,chisquare,chisquare,chisquare,chisquare,chisquare,chisquare,chisquare,chisquare,chisquare,chisquare,chisquare,chisquare,chisquare,chisquare,chisquare,cfs,cfs,multisurf,multisurf,multisurf,multisurf,GR,GR,chisquare,chisquare,chisquare,chisquare
ionosphere.data,0,chisquare,chisquare,chisquare,chisquare,chisquare,chisquare,chisquare,chisquare,chisquare,chisquare,chisquare,chisquare,chisquare,chisquare,chisquare,chisquare,chisquare,chisquare,chisquare,chisquare,chisquare,chisquare,chisquare,chisquare,relieff,relieff,multisurf,multisurf,multisurf,multisurf,chisquare,chisquare,chisquare,chisquare,chisquare,chisquare
iris.data,3,GR,GR,GR,GR,GR,GR,GR,GR,GR,GR,GR,GR,GR,GR,GR,GR,GR,GR,GR,GR,GR,GR,GR,GR,GR,GR,GR,GR,GR,GR,GR,GR,GR,GR,GR,GR
iris0.csv,3,GR,GR,GR,GR,relief,relief,GR,relief,relief,relief,relief,relief,cfs,relief,relief,relief,relief,relief,cfs,relief,relief,relief,relief,relief,GR,GR,GR,GR,GR,relief,cfs,relief,relief,cfs,cfs,cfs
Iris5cn01nc.csv,3,relief,relief,relief,relief,relief,relief,relief,relief,relief,relief,relief,relief,relief,relief,relief,relief,relief,relief,relief,relief,relief,relief,relief,relief,MI,MI,MI,MI,MI,MI,relief,relief,relief,relief,relief,MI
letter-recognition.data,4,relief,relief,relief,relief,chisquare,chisquare,chisquare,chisquare,chisquare,chisquare,chisquare,chisquare,chisquare,chisquare,chisquare,chisquare,chisquare,chisquare,relief,relief,relief,relief,relief,relief,relief,relief,relief,cfs,cfs,cfs,relief,relief,relief,relief,relief,relief
Lymphography Multi-class Imbalanced data set.csv,0,cfs,cfs,chisquare,chisquare,chisquare,chisquare,chisquare,chisquare,chisquare,chisquare,chisquare,chisquare,chisquare,chisquare,chisquare,chisquare,chisquare,chisquare,chisquare,chisquare,chisquare,chisquare,chisquare,chisquare,cfs,cfs,cfs,cfs,cfs,chisquare,chisquare,chisquare,chisquare,chisquare,chisquare,chisquare
lymphography.data,0,GR,GR,GR,GR,GR,GR,GR,GR,GR,GR,chisquare,chisquare,GR,chisquare,chisquare,chisquare,chisquare,chisquare,chisquare,chisquare,chisquare,chisquare,chisquare,chisquare,GR,GR,GR,GR,GR,GR,chisquare,chisquare,chisquare,chisquare,chisquare,chisquare
mammographic_masses.data,0,GR,GR,GR,GR,GR,GR,fcbf,fcbf,fcbf,fcbf,fcbf,fcbf,fcbf,fcbf,fcbf,fcbf,fcbf,fcbf,fcbf,fcbf,fcbf,fcbf,fcbf,fcbf,GR,GR,GR,GR,GR,GR,chisquare,chisquare,chisquare,fcbf,fcbf,fcbf
monks-1.csv,0,relief,relief,relief,relief,relief,relief,relief,relief,relief,relief,relief,relief,relief,relief,relief,relief,relief,relief,relief,relief,chisquare,chisquare,chisquare,chisquare,relieff,relieff,relieff,relieff,relieff,relieff,chisquare,chisquare,chisquare,relief,relief,relief
monks-2.csv,0,chisquare,fcbf,fcbf,fcbf,fcbf,fcbf,chisquare,chisquare,fcbf,fcbf,fcbf,fcbf,chisquare,chisquare,fcbf,fcbf,fcbf,fcbf,chisquare,chisquare,chisquare,fcbf,fcbf,fcbf,GR,fcbf,fcbf,fcbf,fcbf,fcbf,chisquare,chisquare,chisquare,GR,GR,GR
monks-3.csv,0,GR,GR,GR,GR,GR,GR,GR,GR,GR,GR,GR,GR,GR,GR,GR,GR,GR,GR,chisquare,chisquare,chisquare,chisquare,chisquare,chisquare,GR,GR,GR,GR,GR,GR,chisquare,chisquare,chisquare,chisquare,chisquare,GR
myocardical.data,0,chisquare,chisquare,chisquare,chisquare,chisquare,chisquare,chisquare,chisquare,chisquare,chisquare,chisquare,chisquare,chisquare,chisquare,chisquare,chisquare,chisquare,chisquare,chisquare,chisquare,chisquare,fcbf,fcbf,GR,GR,GR,GR,GR,GR,GR,fcbf,fcbf,fcbf,GR,GR,relieff
new-thyroid1.csv,3,GR,GR,GR,GR,GR,GR,GR,GR,GR,GR,GR,GR,GR,GR,GR,GR,GR,GR,GR,GR,GR,GR,GR,GR,GR,GR,relieff,relieff,relieff,relieff,GR,GR,GR,GR,GR,fcbf
newthyroid.csv,3,GR,GR,GR,GR,GR,GR,GR,GR,GR,GR,GR,GR,GR,GR,GR,GR,GR,GR,GR,GR,GR,GR,GR,GR,GR,GR,GR,GR,GR,GR,GR,GR,GR,GR,GR,GR
newthyroid2.csv,3,GR,GR,GR,chisquare,chisquare,chisquare,GR,GR,GR,chisquare,chisquare,chisquare,GR,GR,chisquare,chisquare,chisquare,chisquare,GR,GR,chisquare,chisquare,chisquare,chisquare,GR,mrmr,mrmr,mrmr,mrmr,mrmr,GR,chisquare,chisquare,chisquare,chisquare,chisquare
nursery.data,4,GR,GR,GR,relief,relief,relief,GR,GR,GR,GR,GR,relief,GR,GR,GR,GR,GR,GR,fcbf,fcbf,fcbf,fcbf,fcbf,fcbf,GR,GR,GR,MI,MI,MI,GR,GR,GR,GR,GR,GR
ObesityDataSet_raw_and_data_sinthetic.csv,0,fcbf,relief,relief,relief,relief,relief,fcbf,relief,relief,relief,relief,relief,relief,relief,relief,relief,relief,relief,chisquare,chisquare,chisquare,chisquare,chisquare,relief,GR,GR,relief,relief,relief,relief,relief,relief,relief,MI,MI,MI
page-blocks-1-3_vs_4.csv,3,GR,GR,GR,GR,GR,fcbf,GR,GR,GR,GR,GR,GR,GR,GR,GR,GR,chisquare,chisquare,GR,GR,chisquare,chisquare,chisquare,chisquare,relieff,relieff,GR,GR,GR,fcbf,chisquare,chisquare,chisquare,chisquare,chisquare,chisquare
pageblocks_imbalanced.csv,3,GR,MI,fcbf,fcbf,fcbf,fcbf,GR,MI,relief,chisquare,chisquare,chisquare,chisquare,chisquare,chisquare,chisquare,chisquare,chisquare,chisquare,chisquare,chisquare,chisquare,chisquare,chisquare,MI,MI,fcbf,fcbf,fcbf,fcbf,chisquare,chisquare,chisquare,chisquare,chisquare,chisquare
pageblocks5cn01-nc.csv,3,chisquare,chisquare,chisquare,chisquare,chisquare,chisquare,chisquare,chisquare,chisquare,chisquare,chisquare,chisquare,chisquare,chisquare,chisquare,chisquare,chisquare,chisquare,chisquare,chisquare,chisquare,chisquare,chisquare,chisquare,MI,MI,cfs,cfs,multisurf,multisurf,chisquare,chisquare,chisquare,chisquare,chisquare,chisquare
parkinsons.data,3,MI,MI,MI,MI,MI,MI,MI,MI,MI,MI,MI,MI,MI,MI,MI,MI,MI,MI,MI,MI,MI,MI,chisquare,chisquare,MI,MI,MI,MI,MI,MI,GR,chisquare,chisquare,chisquare,chisquare,relief
Phishing Websites Data Set.csv,0,chisquare,chisquare,chisquare,chisquare,chisquare,chisquare,chisquare,chisquare,chisquare,chisquare,chisquare,chisquare,chisquare,chisquare,chisquare,chisquare,chisquare,chisquare,relief,relief,relief,relief,relief,relief,GR,GR,GR,GR,GR,GR,MI,MI,MI,MI,MI,MI
PhishingData.csv,0,chisquare,chisquare,chisquare,chisquare,chisquare,chisquare,chisquare,chisquare,chisquare,chisquare,chisquare,chisquare,chisquare,chisquare,chisquare,chisquare,chisquare,chisquare,chisquare,chisquare,chisquare,chisquare,chisquare,chisquare,relief,relief,relief,GR,GR,GR,GR,GR,GR,GR,GR,GR
Pima-5cn01-nc.csv,4,chisquare,chisquare,chisquare,chisquare,chisquare,chisquare,chisquare,chisquare,chisquare,chisquare,chisquare,chisquare,chisquare,chisquare,chisquare,chisquare,chisquare,chisquare,chisquare,chisquare,chisquare,chisquare,chisquare,chisquare,MI,MI,MI,mrmr,mrmr,mrmr,relief,relief,relief,relief,relief,MI
pima.csv,4,fcbf,fcbf,fcbf,chisquare,chisquare,chisquare,fcbf,fcbf,fcbf,fcbf,chisquare,chisquare,fcbf,fcbf,fcbf,fcbf,chisquare,chisquare,fcbf,fcbf,fcbf,fcbf,chisquare,chisquare,relieff,relieff,fcbf,chisquare,chisquare,chisquare,fcbf,fcbf,fcbf,fcbf,chisquare,chisquare
pimaimbalanced.csv,4,chisquare,chisquare,chisquare,chisquare,chisquare,chisquare,chisquare,chisquare,chisquare,chisquare,chisquare,chisquare,chisquare,chisquare,chisquare,chisquare,chisquare,chisquare,chisquare,chisquare,chisquare,chisquare,chisquare,chisquare,cfs,mrmr,mrmr,mrmr,mrmr,mrmr,relief,relief,relief,relief,relief,relief
post-operative.csv,0,GR,GR,GR,GR,GR,GR,GR,GR,GR,GR,GR,GR,GR,GR,GR,GR,GR,GR,GR,GR,GR,GR,GR,GR,mrmr,mrmr,mrmr,mrmr,mrmr,mrmr,GR,GR,GR,GR,GR,GR
primary-tumor.data,0,chisquare,chisquare,chisquare,chisquare,chisquare,chisquare,chisquare,chisquare,chisquare,chisquare,chisquare,chisquare,chisquare,chisquare,chisquare,chisquare,chisquare,chisquare,chisquare,chisquare,chisquare,chisquare,chisquare,chisquare,cfs,cfs,cfs,cfs,chisquare,chisquare,chisquare,chisquare,chisquare,chisquare,chisquare,chisquare
QSAR biodeg.csv,0,chisquare,chisquare,chisquare,chisquare,chisquare,chisquare,chisquare,chisquare,chisquare,chisquare,chisquare,chisquare,chisquare,chisquare,chisquare,chisquare,chisquare,chisquare,chisquare,chisquare,chisquare,chisquare,chisquare,chisquare,GR,GR,GR,GR,chisquare,chisquare,GR,GR,fcbf,fcbf,fcbf,fcbf
Raisin_Dataset.csv,3,GR,fcbf,fcbf,fcbf,fcbf,fcbf,chisquare,chisquare,fcbf,fcbf,fcbf,fcbf,chisquare,chisquare,chisquare,chisquare,fcbf,fcbf,chisquare,chisquare,chisquare,chisquare,chisquare,chisquare,GR,fcbf,fcbf,fcbf,fcbf,fcbf,relief,relief,relief,relief,relief,relief
seeds_dataset.data,3,relief,relief,relief,relief,relief,relief,relief,relief,relief,relief,relief,relief,relief,relief,relief,relief,relief,relief,GR,relief,relief,relief,relief,relief,multisurf,multisurf,multisurf,multisurf,multisurf,multisurf,GR,GR,relief,relief,relief,relief
seismic-bumps.csv,4,chisquare,chisquare,chisquare,chisquare,chisquare,chisquare,chisquare,chisquare,chisquare,chisquare,chisquare,chisquare,chisquare,chisquare,chisquare,chisquare,chisquare,chisquare,chisquare,chisquare,chisquare,chisquare,chisquare,chisquare,chisquare,chisquare,chisquare,chisquare,chisquare,chisquare,chisquare,chisquare,relief,relief,relief,relief
SomervilleHappinessSurvey2015.csv,0,fcbf,fcbf,fcbf,fcbf,fcbf,fcbf,fcbf,fcbf,fcbf,fcbf,fcbf,fcbf,fcbf,fcbf,fcbf,fcbf,fcbf,fcbf,fcbf,fcbf,fcbf,fcbf,fcbf,fcbf,fcbf,fcbf,fcbf,fcbf,fcbf,fcbf,fcbf,fcbf,fcbf,fcbf,fcbf,fcbf
sonar5cn19.csv,0,GR,GR,GR,GR,chisquare,chisquare,GR,GR,chisquare,chisquare,chisquare,chisquare,chisquare,chisquare,chisquare,chisquare,chisquare,chisquare,chisquare,chisquare,chisquare,chisquare,chisquare,chisquare,GR,GR,GR,GR,GR,GR,chisquare,chisquare,chisquare,chisquare,chisquare,chisquare
soybean-small.data,0,relief,relief,relief,relief,relief,relief,relief,relief,relief,relief,relief,relief,relief,relief,relief,relief,relief,relief,relief,relief,relief,relief,relief,relief,MI,MI,MI,MI,MI,MI,relief,relief,relief,relief,relief,relief
spambase.data,0,GR,GR,GR,GR,GR,GR,GR,GR,GR,GR,chisquare,chisquare,fcbf,chisquare,chisquare,chisquare,chisquare,chisquare,chisquare,chisquare,chisquare,chisquare,relief,relief,relieff,GR,GR,GR,GR,GR,relief,relief,relief,relief,relief,chisquare
SPECT.csv,0,GR,GR,GR,GR,GR,GR,GR,GR,GR,GR,GR,GR,chisquare,GR,GR,GR,GR,GR,chisquare,chisquare,GR,GR,GR,GR,GR,GR,GR,GR,GR,GR,chisquare,chisquare,chisquare,GR,GR,GR
SPECTF.csv,0,GR,GR,relief,relief,chisquare,chisquare,chisquare,chisquare,chisquare,chisquare,chisquare,chisquare,chisquare,chisquare,chisquare,chisquare,chisquare,chisquare,chisquare,chisquare,chisquare,chisquare,chisquare,chisquare,GR,GR,GR,GR,relief,relief,chisquare,chisquare,chisquare,chisquare,chisquare,chisquare
starlog shuttle imbalanced.csv,4,relief,relief,relief,relief,relief,relief,relief,relief,relief,relief,relief,relief,chisquare,chisquare,chisquare,chisquare,relief,relief,chisquare,chisquare,chisquare,chisquare,chisquare,chisquare,MI,mrmr,mrmr,mrmr,mrmr,mrmr,chisquare,chisquare,chisquare,chisquare,chisquare,chisquare
starlog vehicle sikhouettes.dat,3,relief,relief,chisquare,chisquare,chisquare,chisquare,chisquare,chisquare,chisquare,chisquare,chisquare,chisquare,chisquare,chisquare,chisquare,chisquare,chisquare,chisquare,chisquare,chisquare,chisquare,chisquare,relief,relief,multisurf,multisurf,multisurf,MI,chisquare,chisquare,relief,relief,relief,relief,MI,MI
starlog_australian.dat,0,MI,MI,MI,MI,MI,MI,GR,chisquare,chisquare,chisquare,chisquare,chisquare,chisquare,chisquare,chisquare,chisquare,chisquare,chisquare,chisquare,chisquare,chisquare,chisquare,chisquare,chisquare,relieff,mrmr,mrmr,mrmr,mrmr,mrmr,chisquare,chisquare,chisquare,chisquare,chisquare,chisquare
statlog_heart.csv,0,cfs,cfs,cfs,cfs,cfs,cfs,chisquare,chisquare,chisquare,chisquare,chisquare,chisquare,chisquare,chisquare,chisquare,chisquare,chisquare,chisquare,chisquare,chisquare,chisquare,chisquare,chisquare,chisquare,cfs,cfs,cfs,cfs,cfs,cfs,chisquare,chisquare,chisquare,chisquare,chisquare,chisquare
student-mat.csv,0,MI,MI,MI,MI,MI,MI,GR,GR,GR,GR,GR,chisquare,GR,GR,GR,GR,chisquare,chisquare,GR,GR,chisquare,chisquare,chisquare,chisquare,mrmr,mrmr,mrmr,mrmr,mrmr,mrmr,chisquare,chisquare,chisquare,chisquare,chisquare,chisquare
student-por.csv,0,chisquare,chisquare,chisquare,chisquare,chisquare,chisquare,chisquare,chisquare,chisquare,chisquare,chisquare,chisquare,chisquare,chisquare,chisquare,chisquare,chisquare,chisquare,chisquare,chisquare,chisquare,chisquare,chisquare,chisquare,cfs,cfs,cfs,cfs,cfs,cfs,chisquare,chisquare,relief,relief,relief,relief
tae.data,0,multisurf,multisurf,multisurf,multisurf,multisurf,multisurf,fcbf,fcbf,fcbf,fcbf,fcbf,fcbf,fcbf,fcbf,fcbf,fcbf,fcbf,fcbf,fcbf,fcbf,fcbf,fcbf,fcbf,fcbf,multisurf,multisurf,multisurf,multisurf,multisurf,multisurf,GR,GR,GR,GR,GR,chisquare
ThoraricSurgery.csv,0,GR,GR,GR,GR,GR,GR,GR,GR,GR,GR,GR,GR,GR,GR,chisquare,chisquare,chisquare,chisquare,chisquare,chisquare,chisquare,chisquare,chisquare,chisquare,GR,GR,GR,GR,GR,GR,chisquare,chisquare,chisquare,chisquare,relief,relief
"Thyroid Disease (New Thyroid) Multi-class Imbalanced data set
.csv",3,GR,MI,MI,MI,MI,MI,GR,GR,MI,MI,MI,MI,GR,GR,GR,GR,MI,MI,GR,GR,GR,GR,GR,GR,MI,MI,MI,MI,MI,MI,GR,GR,GR,GR,GR,GR
thyroid multiclass imbalance.csv,0,chisquare,chisquare,chisquare,chisquare,chisquare,chisquare,chisquare,chisquare,chisquare,chisquare,chisquare,chisquare,chisquare,chisquare,chisquare,chisquare,chisquare,chisquare,chisquare,chisquare,chisquare,chisquare,chisquare,chisquare,GR,MI,MI,MI,MI,MI,relief,relief,relief,relief,relief,relief
thyroid.csv,4,chisquare,chisquare,chisquare,chisquare,chisquare,chisquare,chisquare,chisquare,chisquare,chisquare,chisquare,chisquare,chisquare,chisquare,chisquare,chisquare,chisquare,chisquare,fcbf,fcbf,fcbf,fcbf,fcbf,fcbf,cfs,chisquare,chisquare,chisquare,chisquare,chisquare,GR,chisquare,chisquare,chisquare,chisquare,chisquare
thyroid5cn21.csv,4,chisquare,chisquare,chisquare,chisquare,chisquare,chisquare,chisquare,chisquare,chisquare,chisquare,chisquare,chisquare,chisquare,chisquare,chisquare,chisquare,chisquare,chisquare,relief,relief,relief,relief,relief,relief,cfs,chisquare,chisquare,chisquare,chisquare,chisquare,MI,MI,MI,MI,MI,MI
tic-tac-toe.data,0,relief,relief,chisquare,fcbf,fcbf,fcbf,chisquare,chisquare,chisquare,fcbf,fcbf,fcbf,chisquare,chisquare,chisquare,fcbf,fcbf,fcbf,chisquare,chisquare,chisquare,fcbf,fcbf,fcbf,relieff,relieff,relieff,relieff,relieff,relieff,GR,relief,relief,relief,relief,cfs
titanic.csv,4,relief,relief,relief,relief,relief,fcbf,relief,relief,relief,fcbf,fcbf,fcbf,relief,chisquare,chisquare,chisquare,fcbf,fcbf,chisquare,chisquare,chisquare,chisquare,chisquare,chisquare,relief,relieff,relieff,relieff,relieff,relieff,relief,relief,relief,fcbf,fcbf,fcbf
trial.csv,0,MI,MI,MI,MI,MI,MI,MI,MI,MI,MI,MI,relief,GR,MI,MI,relief,relief,relief,GR,GR,relief,relief,relief,relief,MI,mrmr,mrmr,mrmr,mrmr,mrmr,chisquare,chisquare,chisquare,chisquare,relief,chisquare
TUANDROMD.csv,5,chisquare,chisquare,chisquare,chisquare,chisquare,chisquare,chisquare,chisquare,chisquare,chisquare,chisquare,chisquare,chisquare,chisquare,chisquare,chisquare,chisquare,chisquare,chisquare,relief,relief,relief,relief,relief,GR,GR,GR,MI,chisquare,chisquare,relief,relief,relief,MI,MI,MI
Turkish_music.csv,0,relieff,relieff,relieff,chisquare,chisquare,chisquare,fcbf,fcbf,chisquare,chisquare,chisquare,chisquare,GR,chisquare,chisquare,chisquare,chisquare,chisquare,chisquare,chisquare,chisquare,chisquare,chisquare,chisquare,multisurf,multisurf,multisurf,multisurf,multisurf,multisurf,chisquare,chisquare,GR,GR,GR,GR
vehicle0.csv,3,fcbf,fcbf,fcbf,fcbf,fcbf,fcbf,fcbf,fcbf,fcbf,fcbf,fcbf,fcbf,fcbf,fcbf,fcbf,chisquare,chisquare,chisquare,chisquare,chisquare,chisquare,chisquare,chisquare,chisquare,relieff,relieff,relieff,relieff,fcbf,fcbf,relief,relief,relief,relief,relief,relief
vehicle1.csv,3,fcbf,fcbf,fcbf,chisquare,chisquare,chisquare,fcbf,chisquare,chisquare,chisquare,chisquare,chisquare,chisquare,chisquare,chisquare,chisquare,chisquare,chisquare,chisquare,chisquare,chisquare,chisquare,chisquare,chisquare,relieff,relieff,relieff,relieff,relieff,relieff,fcbf,GR,GR,GR,GR,GR
vehicle2.csv,3,fcbf,fcbf,fcbf,fcbf,fcbf,fcbf,fcbf,fcbf,fcbf,fcbf,fcbf,chisquare,chisquare,chisquare,chisquare,chisquare,chisquare,chisquare,chisquare,chisquare,chisquare,chisquare,chisquare,relief,fcbf,fcbf,fcbf,fcbf,fcbf,fcbf,relief,relief,relief,relief,relief,relief
vehicle3.csv,3,fcbf,fcbf,fcbf,chisquare,chisquare,chisquare,fcbf,chisquare,chisquare,chisquare,chisquare,chisquare,chisquare,chisquare,chisquare,chisquare,chisquare,chisquare,chisquare,chisquare,chisquare,chisquare,chisquare,chisquare,relieff,relieff,relieff,relieff,relieff,relieff,fcbf,fcbf,GR,GR,GR,GR
Wholesale customers data.csv,4,fcbf,fcbf,fcbf,fcbf,fcbf,fcbf,GR,GR,GR,GR,GR,GR,GR,GR,GR,GR,GR,GR,chisquare,chisquare,chisquare,chisquare,chisquare,GR,fcbf,fcbf,fcbf,fcbf,fcbf,fcbf,chisquare,chisquare,chisquare,chisquare,chisquare,chisquare
wine imbalance.csv,0,GR,GR,GR,GR,GR,GR,GR,GR,GR,GR,GR,GR,GR,GR,GR,GR,GR,chisquare,GR,GR,GR,GR,chisquare,chisquare,mrmr,mrmr,mrmr,mrmr,mrmr,mrmr,GR,GR,GR,chisquare,chisquare,chisquare
wine.data,0,chisquare,chisquare,chisquare,chisquare,chisquare,chisquare,chisquare,chisquare,chisquare,chisquare,chisquare,chisquare,chisquare,chisquare,chisquare,chisquare,chisquare,chisquare,chisquare,chisquare,chisquare,chisquare,chisquare,chisquare,cfs,mrmr,mrmr,mrmr,mrmr,mrmr,chisquare,chisquare,chisquare,chisquare,chisquare,chisquare
wine5cn10-nc.csv,0,MI,MI,MI,MI,MI,MI,MI,MI,MI,MI,MI,MI,MI,MI,MI,MI,MI,MI,MI,MI,MI,MI,MI,relief,mrmr,mrmr,mrmr,mrmr,mrmr,mrmr,GR,MI,MI,MI,relief,relief
winequality-red.csv,4,relief,chisquare,chisquare,chisquare,chisquare,chisquare,chisquare,chisquare,chisquare,chisquare,chisquare,chisquare,chisquare,chisquare,chisquare,chisquare,chisquare,chisquare,chisquare,chisquare,chisquare,chisquare,relief,relief,mrmr,mrmr,mrmr,mrmr,mrmr,mrmr,relief,relief,relief,relief,relief,relief
winequality-white.csv,4,GR,chisquare,chisquare,chisquare,chisquare,chisquare,chisquare,chisquare,chisquare,chisquare,chisquare,chisquare,chisquare,chisquare,chisquare,chisquare,chisquare,chisquare,chisquare,fcbf,fcbf,fcbf,fcbf,fcbf,relieff,relieff,relieff,relieff,relieff,relieff,GR,GR,GR,GR,GR,GR
yeast-0-5-6-7-9_vs_4.csv,4,GR,GR,GR,GR,GR,GR,GR,GR,GR,GR,GR,GR,GR,GR,GR,GR,GR,GR,GR,GR,GR,GR,GR,GR,GR,GR,GR,GR,GR,GR,chisquare,chisquare,chisquare,chisquare,chisquare,chisquare
yeast-1_vs_7.csv,4,fcbf,fcbf,fcbf,fcbf,chisquare,chisquare,GR,GR,GR,chisquare,chisquare,chisquare,GR,GR,GR,chisquare,chisquare,chisquare,GR,GR,GR,chisquare,chisquare,chisquare,relieff,relieff,multisurf,multisurf,multisurf,multisurf,GR,GR,GR,chisquare,chisquare,chisquare
yeast-2_vs_4.csv,4,chisquare,chisquare,chisquare,chisquare,chisquare,chisquare,chisquare,chisquare,chisquare,chisquare,chisquare,chisquare,chisquare,chisquare,chisquare,chisquare,chisquare,chisquare,chisquare,chisquare,chisquare,chisquare,chisquare,chisquare,fcbf,fcbf,fcbf,fcbf,fcbf,fcbf,chisquare,chisquare,chisquare,chisquare,chisquare,chisquare
yeast-2_vs_8.csv,4,MI,MI,MI,MI,MI,MI,MI,MI,MI,MI,MI,MI,MI,MI,MI,MI,MI,MI,relief,MI,MI,MI,fcbf,fcbf,MI,MI,MI,MI,MI,MI,chisquare,GR,fcbf,fcbf,fcbf,fcbf
yeast.data,4,MI,MI,MI,MI,MI,MI,MI,MI,chisquare,chisquare,chisquare,chisquare,chisquare,chisquare,chisquare,chisquare,chisquare,chisquare,chisquare,chisquare,chisquare,chisquare,relief,relief,multisurf,multisurf,MI,MI,MI,MI,relief,relief,relief,MI,MI,MI
yeast1.csv,4,GR,GR,GR,GR,GR,GR,GR,GR,GR,GR,GR,GR,chisquare,chisquare,chisquare,chisquare,chisquare,chisquare,chisquare,chisquare,chisquare,chisquare,chisquare,chisquare,GR,GR,cfs,cfs,cfs,cfs,GR,GR,GR,GR,GR,GR
yeast3.csv,4,GR,GR,GR,GR,fcbf,fcbf,chisquare,chisquare,chisquare,fcbf,fcbf,fcbf,chisquare,chisquare,chisquare,chisquare,chisquare,chisquare,chisquare,chisquare,chisquare,chisquare,chisquare,chisquare,GR,GR,GR,GR,GR,fcbf,relief,relief,relief,relief,relief,relief
yeast4.csv,4,chisquare,chisquare,chisquare,chisquare,chisquare,chisquare,chisquare,chisquare,chisquare,chisquare,chisquare,chisquare,chisquare,chisquare,chisquare,chisquare,chisquare,chisquare,chisquare,chisquare,chisquare,chisquare,chisquare,chisquare,multisurf,chisquare,chisquare,chisquare,chisquare,chisquare,GR,GR,GR,GR,GR,GR
yeast5.csv,4,chisquare,chisquare,chisquare,chisquare,chisquare,chisquare,chisquare,chisquare,chisquare,chisquare,chisquare,chisquare,chisquare,chisquare,chisquare,chisquare,chisquare,chisquare,chisquare,chisquare,chisquare,chisquare,chisquare,chisquare,GR,GR,GR,GR,GR,GR,relief,relief,relief,relief,relief,relief
yeast5cn21.csv,4,cfs,cfs,cfs,GR,GR,GR,fcbf,fcbf,fcbf,GR,GR,GR,chisquare,chisquare,chisquare,chisquare,chisquare,chisquare,chisquare,chisquare,chisquare,chisquare,chisquare,chisquare,cfs,cfs,cfs,cfs,cfs,cfs,fcbf,fcbf,fcbf,fcbf,fcbf,fcbf
yeast6.csv,4,fcbf,fcbf,fcbf,fcbf,fcbf,fcbf,fcbf,fcbf,fcbf,fcbf,fcbf,fcbf,fcbf,fcbf,fcbf,fcbf,fcbf,fcbf,chisquare,chisquare,chisquare,chisquare,chisquare,chisquare,relieff,relieff,relieff,GR,GR,GR,relief,relief,fcbf,fcbf,fcbf,fcbf
yeastimbalance.csv,4,cfs,cfs,cfs,cfs,cfs,cfs,cfs,cfs,cfs,GR,GR,GR,fcbf,fcbf,GR,GR,GR,GR,chisquare,chisquare,chisquare,chisquare,chisquare,chisquare,cfs,cfs,cfs,cfs,cfs,cfs,fcbf,fcbf,fcbf,fcbf,fcbf,fcbf
zoo.data,0,fcbf,fcbf,fcbf,fcbf,fcbf,fcbf,GR,GR,GR,GR,GR,GR,GR,GR,GR,GR,GR,GR,GR,GR,GR,GR,GR,GR,fcbf,fcbf,fcbf,fcbf,fcbf,fcbf,GR,GR,GR,GR,GR,GR
