File,FeatureAlgo,Completeness_bins,Conciseness_bins,cor.mean_bins,cov.mean_bins,eigenvalues.mean_bins,g_mean.mean_bins,h_mean.mean_bins,iq_range.mean_bins,kurtosis.mean_bins,mad.mean_bins,max.mean_bins,mean.mean_bins,median.mean_bins,min.mean_bins,nr_cor_attr_bins,nr_norm_bins,nr_outliers_bins,range.mean_bins,sd.mean_bins,skewness.mean_bins,sparsity.mean_bins,t_mean.mean_bins,var.mean_bins,LabelIssues_bins,ClassImbRatio_bins,OutlierPerc_bins,ClassOverlapPerc_bins,attr_to_inst_bins,inst_to_attr_bins,nr_attr_bins,nr_inst_bins,nr_num_bins,nr_bin_bins,attr_conc.mean_bins,cEntropy_bins,ena_bins,snr.mean_bins,nUnique_bins,attr_ent.mean_bins
chronic_kidney_disease_full.csv,GR,No,Yes,small,small,small,small,small,small,small,small,small,small,small,small,small,small,small,small,small,small,small,small,small,no,No,No,No,small,small,small,small,small,small,small,small,small,small,small,small
Autism-Adolescent-Data.csv,chisquare,No,No,small,small,small,small,small,small,small,small,small,small,small,small,small,small,small,small,small,small,big,small,small,no,Yes,Yes,Yes,big,small,small,small,small,small,small,big,small,small,small,small
SouthGermanCredit.asc,chisquare,Yes,Yes,small,small,small,small,small,small,small,small,small,small,small,small,small,small,small,small,small,small,big,small,small,no,No,No,No,small,small,small,small,small,small,small,big,small,small,small,small
Z-Alizadeh sani dataset.xlsx,GR,Yes,Yes,small,small,small,small,small,small,small,small,small,small,small,small,small,small,small,small,small,small,big,small,small,yes,No,No,Yes,big,small,big,small,big,small,small,big,small,small,small,small
Data_User_Modeling_Dataset_Hamdi Tolga KAHRAMAN.csv,GR,Yes,Yes,small,small,small,small,small,small,small,small,small,small,small,small,small,small,small,small,small,small,small,small,small,no,No,Yes,Yes,small,small,small,small,small,small,small,big,small,small,small,big
non-verbal tourist data.csv,chisquare,No,Yes,small,small,small,small,small,small,small,small,small,small,small,small,small,small,small,small,small,small,big,small,small,yes,No,Yes,Yes,big,small,small,small,small,small,small,big,small,small,small,small
1year.csv,chisquare,No,No,small,small,small,small,small,small,big,small,small,small,small,small,small,small,big,small,small,big,small,small,small,no,No,No,Yes,small,small,big,small,big,small,small,small,small,small,small,big
2year.csv,chisquare,No,No,small,small,small,small,small,small,big,small,small,small,small,small,small,small,big,small,small,big,small,small,small,no,No,No,Yes,small,small,big,small,big,small,small,small,small,small,small,big
3year.csv,chisquare,No,No,small,small,small,small,small,small,big,small,small,small,small,small,small,small,big,small,small,big,small,small,small,no,No,No,Yes,small,small,big,small,big,small,small,small,small,small,small,big
4year.csv,chisquare,No,No,small,small,small,small,small,small,big,small,small,small,small,small,small,small,big,small,small,big,small,small,small,no,No,No,Yes,small,small,big,small,big,small,small,small,small,small,small,big
5year.csv,chisquare,No,No,small,small,small,small,small,small,big,small,small,small,small,small,small,small,big,small,small,small,small,small,small,no,No,No,Yes,small,small,big,small,big,small,small,small,small,small,small,big
abalone.data,chisquare,Yes,Yes,big,small,small,small,small,small,small,small,small,small,small,small,big,small,small,small,small,small,small,small,small,yes,No,No,No,small,small,small,small,small,small,big,big,small,small,big,big
abalone9-18.csv,chisquare,Yes,Yes,big,small,small,small,small,small,small,small,small,small,small,small,big,small,small,small,small,small,small,small,small,no,No,No,Yes,small,small,small,small,small,small,big,small,small,small,small,big
adult.csv,chisquare,No,No,small,small,small,small,small,small,small,small,small,small,small,small,small,small,small,small,small,small,small,small,small,no,No,No,No,small,big,small,big,small,small,small,big,small,small,small,small
agaricus-lepiota.data,chisquare,No,Yes,small,small,small,small,small,small,small,small,small,small,small,small,small,small,small,small,small,small,big,small,small,no,No,No,No,small,small,small,small,small,small,small,big,small,small,small,small
Algerian_forest_fires_dataset_UPDATE.csv,GR,No,Yes,small,small,small,small,small,small,small,small,small,small,small,small,small,small,small,small,small,small,small,small,small,yes,No,No,No,small,small,small,small,small,small,big,small,small,small,small,big
appendicitis.csv,chisquare,Yes,Yes,big,small,small,small,small,small,small,small,small,small,small,small,big,small,small,small,small,small,small,small,small,no,No,No,Yes,small,small,small,small,small,small,big,big,small,small,small,small
audit_risk.csv,relief,No,No,small,small,small,small,small,small,small,small,small,small,small,small,small,small,small,small,small,small,small,small,small,no,Yes,No,No,small,small,small,small,small,small,big,big,small,small,small,small
audit_trial.csv,GR,No,No,small,small,small,small,small,small,small,small,small,small,small,small,small,small,small,small,small,small,big,small,small,no,No,No,Yes,small,small,small,small,small,small,big,big,small,small,small,small
Autism-Adult-Data.csv,chisquare,No,No,small,small,small,small,small,small,small,small,small,small,small,small,small,small,small,small,small,small,big,small,small,no,No,No,No,small,small,small,small,small,small,small,big,small,small,small,small
Autism-Child-Data.csv,chisquare,No,No,small,small,small,small,small,small,small,small,small,small,small,small,small,small,small,small,small,small,big,small,small,no,Yes,Yes,Yes,small,small,small,small,small,small,small,big,small,small,small,small
Automobile_data.csv,fcbf,No,Yes,small,small,small,small,small,small,small,small,small,small,small,small,small,small,small,small,small,small,small,small,small,yes,No,No,Yes,small,small,small,small,small,small,small,big,small,small,small,small
automobileimbalance.csv,MI,Yes,Yes,small,small,small,small,small,small,small,small,small,small,small,small,small,small,small,small,small,small,small,small,small,yes,No,Yes,Yes,big,small,small,small,small,small,big,big,small,small,small,small
balance-scale.data,chisquare,Yes,Yes,small,small,small,small,small,small,small,small,small,small,small,small,small,small,small,small,small,small,big,small,small,no,No,Yes,Yes,small,small,small,small,small,small,small,big,small,small,small,big
balancescaleimbalanced.csv,chisquare,Yes,Yes,small,small,small,small,small,small,small,small,small,small,small,small,small,small,small,small,small,small,big,small,small,no,No,No,Yes,small,small,small,small,small,small,small,big,small,small,small,big
bloodtransfusion.data,fcbf,Yes,No,big,small,small,small,small,small,small,small,small,small,small,small,big,small,small,small,small,small,small,small,small,no,No,No,Yes,small,small,small,small,small,small,big,big,small,small,small,big
bone-marrow.csv,GR,No,Yes,small,small,small,small,small,small,small,small,small,small,small,small,small,small,small,small,small,small,big,small,small,yes,Yes,No,Yes,big,small,small,small,small,small,small,big,small,small,small,small
Breast Cancer Wisconsin (Diagnostic) data set-5cn10-nc.csv,chisquare,Yes,Yes,big,small,small,small,small,small,small,small,small,small,small,small,big,small,small,small,small,small,small,small,small,no,No,No,No,small,small,small,small,small,small,small,big,small,small,small,big
breast-cancer-wisconsin.data,chisquare,No,No,big,small,small,small,small,small,small,small,small,small,small,small,big,small,small,small,small,small,small,small,small,yes,No,No,Yes,small,small,small,small,small,small,big,big,small,small,small,small
breastcancercoimbra.csv,MI,Yes,Yes,small,small,small,small,small,small,small,small,small,small,small,small,small,small,small,small,small,small,small,small,small,no,Yes,Yes,Yes,small,small,small,small,small,small,small,big,small,small,small,small
breastcancerimbalance.csv,fcbf,Yes,No,big,small,small,small,small,small,small,small,small,small,small,small,big,small,small,small,small,small,small,small,small,no,No,No,No,small,small,small,small,small,small,big,big,small,small,small,small
breastcancerwdbc.data,chisquare,Yes,Yes,big,small,big,small,small,small,small,small,big,small,small,small,big,small,small,big,big,small,small,small,big,yes,No,Yes,Yes,small,small,small,small,small,small,small,big,small,small,small,big
brestcancerwpbc.data,chisquare,No,Yes,small,small,small,small,small,small,small,small,small,small,small,small,small,small,small,small,small,small,small,small,small,yes,No,No,Yes,big,small,small,small,small,small,small,big,small,small,small,big
bupa.data,MI,Yes,No,small,small,small,small,small,small,small,small,small,small,small,small,small,small,small,small,small,small,small,small,small,no,Yes,No,No,small,small,small,small,small,small,small,big,small,small,small,big
burstheader.csv,GR,No,No,small,big,big,big,big,big,small,big,big,big,big,big,big,small,small,big,big,small,small,big,big,no,No,Yes,Yes,small,small,small,small,small,small,big,big,small,small,small,big
caesarian.csv,chisquare,Yes,No,small,small,small,small,small,small,small,small,small,small,small,small,small,small,small,small,small,small,big,small,small,no,Yes,No,Yes,small,small,small,small,small,small,small,big,small,small,small,small
car.data,chisquare,Yes,Yes,small,small,small,small,small,small,small,small,small,small,small,small,small,small,small,small,small,small,big,small,small,no,No,Yes,Yes,small,small,small,small,small,small,small,small,small,small,small,small
cargo2000_data_comma.csv,chisquare,No,Yes,small,small,small,small,small,small,small,small,small,small,small,small,small,small,big,small,small,small,small,small,small,no,No,No,No,small,small,big,small,big,small,small,big,small,small,small,small
cervical_behaviour.csv,fcbf,Yes,Yes,small,small,small,small,small,small,small,small,small,small,small,small,small,small,small,small,small,small,small,small,small,no,No,Yes,Yes,big,small,small,small,small,small,big,big,small,small,small,small
cervical_risk_factors_cervical_cancer.csv,chisquare,No,No,small,small,small,small,small,small,small,small,small,small,small,small,small,small,small,small,small,small,big,small,small,no,No,No,No,small,small,small,small,small,small,small,small,small,small,small,small
Chemical Composion of Ceramic.csv,chisquare,Yes,Yes,small,small,small,small,small,small,small,small,small,small,small,small,small,small,small,small,small,small,small,small,small,no,Yes,No,Yes,big,small,small,small,small,small,big,big,small,small,small,small
chesskr-vs-kp.data,chisquare,Yes,Yes,small,small,small,small,small,small,small,small,small,small,small,small,small,small,small,small,small,small,big,small,small,no,Yes,No,No,small,small,small,small,small,small,small,big,small,small,small,small
ckd-dataset-v2.csv,chisquare,Yes,Yes,small,small,small,small,small,small,small,small,small,small,small,small,small,small,small,small,small,small,big,small,small,no,No,No,Yes,small,small,small,small,small,small,small,big,small,small,small,small
climate_pop_failures.dat,chisquare,Yes,Yes,small,small,small,small,small,small,small,small,small,small,small,small,small,small,small,small,small,small,small,small,small,yes,No,Yes,Yes,small,small,small,small,small,small,small,small,small,small,small,big
column_2C_weka.csv,GR,Yes,Yes,big,small,small,small,small,small,small,small,small,small,small,small,big,small,small,small,small,small,small,small,small,no,No,No,No,small,small,small,small,small,small,small,big,small,small,small,big
column_3C_weka.csv,GR,Yes,Yes,big,small,small,small,small,small,small,small,small,small,small,small,big,small,small,small,small,small,small,small,small,no,No,No,No,small,small,small,small,small,small,small,big,small,small,small,big
congress_house-votes-84.data,chisquare,No,No,big,small,small,small,small,small,small,small,small,small,small,small,big,small,small,small,small,small,big,small,small,no,Yes,Yes,Yes,small,small,small,small,small,small,big,big,small,small,small,small
connect-4.data,chisquare,Yes,Yes,small,small,small,small,small,small,small,small,small,small,small,small,small,small,small,small,small,small,big,small,small,no,No,No,No,small,big,small,big,small,small,small,big,small,small,small,small
connectionist-bench.data,chisquare,Yes,Yes,small,small,small,small,small,small,small,small,small,small,small,small,small,small,small,small,small,small,small,small,small,yes,Yes,Yes,Yes,big,small,big,small,big,small,small,big,small,small,small,big
contraceptive.data,chisquare,Yes,No,small,small,small,small,small,small,small,small,small,small,small,small,small,small,small,small,small,small,big,small,small,no,No,No,No,small,small,small,small,small,small,small,big,small,small,small,small
contraceptive5cn02.csv,relief,Yes,No,small,small,small,small,small,small,small,small,small,small,small,small,small,small,small,small,small,small,big,small,small,no,No,No,No,small,small,small,small,small,small,small,big,small,small,small,small
contraceptivemulticlass.csv,relief,Yes,No,small,small,small,small,small,small,small,small,small,small,small,small,small,small,small,small,small,small,big,small,small,no,No,No,No,small,small,small,small,small,small,small,big,small,small,small,small
creditapprovallimits.data,GR,No,Yes,small,small,small,small,small,small,small,small,small,small,small,small,small,small,small,small,small,small,big,small,small,no,Yes,No,No,small,small,small,small,small,small,small,big,big,small,small,small
Cryotherapy.xlsx,fcbf,Yes,No,small,small,small,small,small,small,small,small,small,small,small,small,small,small,small,small,small,small,small,small,small,no,Yes,Yes,Yes,small,small,small,small,small,small,small,big,small,small,small,small
data_banknote_authentication.csv,GR,Yes,No,big,small,small,small,small,small,small,small,small,small,small,small,big,small,small,small,small,small,small,small,small,no,Yes,No,Yes,small,small,small,small,small,small,small,big,small,small,small,big
dermatology.data,relief,No,Yes,small,small,small,small,small,small,small,small,small,small,small,small,small,small,small,small,small,small,big,small,small,no,No,No,No,small,small,small,small,small,small,small,big,small,small,small,small
divorce.csv,chisquare,Yes,No,big,small,small,small,small,small,small,small,small,small,small,small,big,small,small,small,small,small,big,small,small,no,Yes,No,Yes,big,small,big,small,big,small,big,big,small,small,small,small
Dry_Bean_Dataset.csv,GR,Yes,No,big,small,small,small,small,small,small,small,small,small,small,small,big,small,small,small,small,small,small,small,small,yes,No,No,Yes,small,small,small,small,small,small,big,big,small,big,small,big
ecoli-0_vs_1.csv,GR,Yes,Yes,small,small,small,small,small,small,small,small,small,small,small,small,small,small,small,small,small,small,big,small,small,no,No,No,Yes,small,small,small,small,small,small,big,big,small,small,small,small
ecoli-5cn01-nc.csv,relief,Yes,Yes,small,small,small,small,small,small,small,small,small,small,small,small,small,small,small,small,small,small,small,small,small,yes,No,No,No,small,small,small,small,small,small,big,big,small,small,small,small
ecoli.data,GR,Yes,Yes,small,small,small,small,small,small,small,small,small,small,small,small,small,small,small,small,small,small,small,small,small,yes,No,Yes,Yes,small,small,small,small,small,small,small,big,small,small,small,small
ecoli1.csv,GR,Yes,Yes,small,small,small,small,small,small,small,small,small,small,small,small,small,small,small,small,small,small,small,small,small,no,No,No,Yes,small,small,small,small,small,small,small,small,small,small,small,small
ecoli2.csv,relief,Yes,Yes,small,small,small,small,small,small,small,small,small,small,small,small,small,small,small,small,small,small,small,small,small,no,No,No,No,small,small,small,small,small,small,small,small,small,small,small,small
ecoli3.csv,GR,Yes,Yes,small,small,small,small,small,small,small,small,small,small,small,small,small,small,small,small,small,small,small,small,small,no,No,No,Yes,small,small,small,small,small,small,small,small,small,small,small,small
ecoli4.csv,chisquare,Yes,Yes,small,small,small,small,small,small,small,small,small,small,small,small,small,small,small,small,small,small,small,small,small,no,No,No,Yes,small,small,small,small,small,small,small,small,small,small,small,small
Electical_stability.csv,fcbf,Yes,Yes,small,small,small,small,small,small,small,small,small,small,small,small,small,small,small,small,small,small,small,small,small,no,No,Yes,Yes,small,small,small,small,small,small,small,big,small,small,small,big
extention of Z-Alizadeh sani dataset.xlsx,chisquare,Yes,Yes,small,small,small,small,small,small,small,small,small,small,small,small,small,small,small,small,small,small,big,small,small,yes,No,No,Yes,big,small,big,small,big,small,small,big,small,small,small,small
fertility_Diagnosis.data,GR,Yes,Yes,small,small,small,small,small,small,small,small,small,small,small,small,small,small,small,small,small,small,big,small,small,no,No,Yes,Yes,small,small,small,small,small,small,small,small,small,small,small,small
glass identification imbalance.csv,fcbf,Yes,No,small,small,small,small,small,small,small,small,small,small,small,small,small,small,small,small,small,small,small,small,small,no,No,No,No,small,small,small,small,small,small,small,big,small,big,small,small
glass-0-1-2-3_vs_4-5-6.csv,fcbf,Yes,No,small,small,small,small,small,small,small,small,small,small,small,small,small,small,small,small,small,small,small,small,small,no,No,No,No,small,small,small,small,small,small,small,big,small,big,small,small
glass-0-1-6_vs_2.csv,chisquare,Yes,No,small,small,small,small,small,small,small,small,small,small,small,small,small,small,small,small,small,small,small,small,small,no,No,No,No,small,small,small,small,small,small,small,small,small,big,small,small
glass-0-1-6_vs_5.csv,chisquare,Yes,No,small,small,small,small,small,small,small,small,small,small,small,small,small,small,small,small,small,small,small,small,small,no,No,No,No,small,small,small,small,small,small,small,small,small,big,small,small
glass.data,GR,Yes,Yes,small,small,small,small,small,small,small,small,small,small,small,small,small,small,small,small,small,small,small,small,small,yes,No,Yes,Yes,small,small,small,small,small,small,small,big,small,big,small,small
glass0.csv,MI,Yes,No,small,small,small,small,small,small,small,small,small,small,small,small,small,small,small,small,small,small,small,small,small,no,No,No,No,small,small,small,small,small,small,small,big,small,big,small,small
glass1.csv,relief,Yes,No,small,small,small,small,small,small,small,small,small,small,small,small,small,small,small,small,small,small,small,small,small,no,No,No,No,small,small,small,small,small,small,small,big,small,big,small,small
glass2.csv,chisquare,Yes,No,small,small,small,small,small,small,small,small,small,small,small,small,small,small,small,small,small,small,small,small,small,no,No,No,No,small,small,small,small,small,small,small,small,small,big,small,small
glass4.csv,chisquare,Yes,No,small,small,small,small,small,small,small,small,small,small,small,small,small,small,small,small,small,small,small,small,small,yes,No,No,No,small,small,small,small,small,small,small,small,small,big,small,small
glass5.csv,chisquare,Yes,No,small,small,small,small,small,small,small,small,small,small,small,small,small,small,small,small,small,small,small,small,small,no,No,No,No,small,small,small,small,small,small,small,small,small,big,small,small
glass5cn10.csv,GR,Yes,No,small,small,small,small,small,small,small,small,small,small,small,small,small,small,small,small,small,small,small,small,small,no,No,No,No,small,small,small,small,small,small,small,big,small,big,small,small
glass6.csv,GR,Yes,No,small,small,small,small,small,small,small,small,small,small,small,small,small,small,small,small,small,small,small,small,small,no,No,No,No,small,small,small,small,small,small,small,small,small,big,small,small
Haberman imbalance.csv,fcbf,Yes,No,small,small,small,small,small,small,small,small,small,small,small,small,small,small,small,small,small,small,small,small,small,no,No,No,Yes,small,small,small,small,small,small,small,big,small,small,small,big
haberman.data,fcbf,Yes,No,small,small,small,small,small,small,small,small,small,small,small,small,small,small,small,small,small,small,small,small,small,no,No,No,Yes,small,small,small,small,small,small,small,big,small,small,small,big
Hayes-roth imbalance.csv,GR,Yes,No,small,small,small,small,small,small,small,small,small,small,small,small,small,small,small,small,small,small,big,small,small,no,No,Yes,Yes,small,small,small,small,small,small,small,big,small,small,small,small
hayes-roth.data,GR,Yes,Yes,small,small,small,small,small,small,small,small,small,small,small,small,small,small,small,small,small,small,big,small,small,no,No,Yes,Yes,small,small,small,small,small,small,small,big,small,small,small,small
hcc-data.data,MI,No,Yes,small,small,small,small,small,small,small,small,small,small,small,small,small,small,small,small,small,small,big,small,small,no,Yes,No,Yes,big,small,big,small,big,small,small,big,small,small,small,small
HCV-Egy-Data.csv,chisquare,Yes,Yes,small,small,small,small,small,small,small,small,small,small,small,small,small,small,small,small,small,small,small,small,small,yes,Yes,No,Yes,small,small,small,small,small,small,small,big,small,small,small,big
hcvdat0.csv,chisquare,No,Yes,small,small,small,small,small,small,small,small,small,small,small,small,small,small,small,small,small,small,small,small,small,no,No,No,No,small,small,small,small,small,small,small,small,small,small,small,big
heart_failure_clinical_records_dataset.csv,MI,Yes,Yes,small,small,small,small,small,small,small,small,small,small,small,small,small,small,small,small,small,small,big,small,small,no,No,No,Yes,small,small,small,small,small,small,small,big,small,small,small,small
highereducation.csv,GR,Yes,Yes,small,small,small,small,small,small,small,small,small,small,small,small,small,small,small,small,small,small,big,small,small,no,No,Yes,Yes,big,small,small,small,small,small,small,big,small,small,small,small
horse.csv,MI,No,Yes,small,small,small,small,small,small,small,small,small,small,small,small,small,small,small,small,small,small,big,small,small,yes,No,No,Yes,small,small,small,small,small,small,small,big,small,small,small,small
HTRU_2.csv,chisquare,Yes,Yes,big,small,small,small,small,small,small,small,small,small,small,small,big,small,small,small,small,small,small,small,small,no,No,No,No,small,big,small,small,small,small,small,small,small,small,small,big
Immunotherapy.xlsx,GR,Yes,Yes,small,small,small,small,small,small,small,small,small,small,small,small,small,small,small,small,small,small,small,small,small,no,No,No,No,small,small,small,small,small,small,small,big,small,small,small,small
Indian Liver Patient Dataset (ILPD).csv,fcbf,No,No,small,small,small,small,small,small,small,small,small,small,small,small,small,small,small,small,small,small,small,small,small,yes,No,No,No,small,small,small,small,small,small,small,big,small,small,small,big
insurancedata2000.data,chisquare,Yes,No,small,small,small,small,small,small,small,small,small,small,small,small,small,small,big,small,small,small,small,small,small,no,No,No,Yes,small,small,big,small,big,small,small,small,small,small,small,small
ionosphere-5cn01-n.csv,chisquare,Yes,No,small,small,small,small,small,small,small,small,small,small,small,small,small,small,small,small,small,small,small,small,small,no,No,Yes,Yes,small,small,small,small,small,small,big,big,small,small,small,big
ionosphere.data,chisquare,Yes,No,small,small,small,small,small,small,small,small,small,small,small,small,small,small,small,small,small,small,small,small,small,no,No,Yes,Yes,small,small,small,small,small,small,small,big,small,small,small,big
iris.data,GR,Yes,No,big,small,small,small,small,small,small,small,small,small,small,small,big,small,small,small,small,small,small,small,small,no,Yes,Yes,Yes,small,small,small,small,small,small,big,big,small,small,small,big
iris0.csv,GR,Yes,No,big,small,small,small,small,small,small,small,small,small,small,small,big,small,small,small,small,small,small,small,small,no,No,No,No,small,small,small,small,small,small,big,big,small,small,small,big
Iris5cn01nc.csv,GR,Yes,No,big,small,small,small,small,small,small,small,small,small,small,small,big,small,small,small,small,small,small,small,small,no,Yes,Yes,Yes,small,small,small,small,small,small,big,big,small,small,small,big
letter-recognition.data,relief,Yes,No,small,small,small,small,small,small,small,small,small,small,small,small,small,small,small,small,small,small,small,small,small,no,Yes,No,No,small,big,small,small,small,small,small,big,small,small,big,big
Lymphography Multi-class Imbalanced data set.csv,relief,Yes,Yes,small,small,small,small,small,small,small,small,small,small,small,small,small,small,small,small,small,small,big,small,small,no,No,No,Yes,small,small,small,small,small,small,small,small,small,small,small,small
lymphography.data,GR,Yes,Yes,small,small,small,small,small,small,small,small,small,small,small,small,small,small,small,small,small,small,big,small,small,no,No,No,Yes,small,small,small,small,small,small,small,small,small,small,small,small
mammographic_masses.data,GR,No,No,small,small,small,small,small,small,small,small,small,small,small,small,small,small,small,small,small,small,small,small,small,no,Yes,No,Yes,small,small,small,small,small,small,small,big,small,small,small,small
monks-1.csv,fcbf,Yes,No,small,small,small,small,small,small,small,small,small,small,small,small,small,small,small,small,small,small,big,small,small,no,Yes,Yes,Yes,small,small,small,small,small,small,small,big,small,small,small,small
monks-2.csv,chisquare,Yes,No,small,small,small,small,small,small,small,small,small,small,small,small,small,small,small,small,small,small,big,small,small,no,No,Yes,Yes,small,small,small,small,small,small,small,big,small,small,small,small
monks-3.csv,chisquare,Yes,No,small,small,small,small,small,small,small,small,small,small,small,small,small,small,small,small,small,small,big,small,small,no,Yes,Yes,Yes,small,small,small,small,small,small,small,big,small,small,small,small
myocardical.data,chisquare,No,Yes,small,small,small,small,small,small,small,small,small,small,small,small,small,small,big,small,small,small,big,small,small,yes,No,No,Yes,small,small,big,small,big,big,small,small,small,small,small,small
new-thyroid1.csv,GR,Yes,Yes,big,small,small,small,small,small,small,small,small,small,small,small,small,small,small,small,small,small,small,small,small,no,No,No,Yes,small,small,small,small,small,small,small,small,small,small,small,big
newthyroid.csv,GR,Yes,Yes,big,small,small,small,small,small,small,small,small,small,small,small,small,small,small,small,small,small,small,small,small,no,No,No,No,small,small,small,small,small,small,small,big,small,small,small,big
newthyroid2.csv,GR,Yes,Yes,big,small,small,small,small,small,small,small,small,small,small,small,small,small,small,small,small,small,small,small,small,no,No,No,Yes,small,small,small,small,small,small,small,small,small,small,small,big
nursery.data,relief,Yes,Yes,small,small,small,small,small,small,small,small,small,small,small,small,small,small,small,small,small,small,big,small,small,no,No,Yes,Yes,small,big,small,small,small,small,small,big,small,small,small,small
ObesityDataSet_raw_and_data_sinthetic.csv,relief,Yes,No,small,small,small,small,small,small,small,small,small,small,small,small,small,small,small,small,small,small,big,small,small,no,Yes,No,No,small,small,small,small,small,small,small,big,small,small,small,small
page-blocks-1-3_vs_4.csv,chisquare,Yes,No,big,small,small,small,small,small,small,small,small,small,small,small,big,small,small,small,small,small,small,small,small,yes,No,No,Yes,small,small,small,small,small,small,big,small,small,small,small,big
pageblocks_imbalanced.csv,fcbf,Yes,No,big,small,small,small,small,small,small,small,small,small,small,small,big,small,small,small,small,small,small,small,small,yes,No,No,No,small,small,small,small,small,small,big,small,small,small,small,big
pageblocks5cn01-nc.csv,fcbf,Yes,No,big,small,small,small,small,small,small,small,small,small,small,small,big,small,small,small,small,small,small,small,small,yes,No,No,No,small,small,small,small,small,small,small,small,small,small,small,big
parkinsons.data,MI,Yes,Yes,big,small,small,small,small,small,small,small,small,small,small,small,big,small,small,small,small,small,small,small,small,no,No,No,Yes,small,small,small,small,small,small,big,big,small,small,small,big
Phishing Websites Data Set.csv,chisquare,Yes,No,small,small,small,small,small,small,small,small,small,small,small,small,small,small,small,small,small,small,big,small,small,no,Yes,No,No,small,small,small,small,small,small,small,big,small,small,small,small
PhishingData.csv,relief,Yes,No,small,small,small,small,small,small,small,small,small,small,small,small,small,small,small,small,small,small,big,small,small,no,No,No,Yes,small,small,small,small,small,small,small,big,small,small,small,small
Pima-5cn01-nc.csv,fcbf,Yes,Yes,small,small,small,small,small,small,small,small,small,small,small,small,small,small,small,small,small,small,small,small,small,no,No,No,Yes,small,small,small,small,small,small,small,big,small,small,small,big
pima.csv,fcbf,Yes,Yes,small,small,small,small,small,small,small,small,small,small,small,small,small,small,small,small,small,small,small,small,small,no,No,No,Yes,small,small,small,small,small,small,small,big,small,small,small,big
pimaimbalanced.csv,GR,Yes,Yes,small,small,small,small,small,small,small,small,small,small,small,small,small,small,small,small,small,small,small,small,small,no,No,No,Yes,small,small,small,small,small,small,small,big,small,small,small,big
post-operative.csv,GR,No,No,small,small,small,small,small,small,small,small,small,small,small,small,small,small,small,small,small,small,big,small,small,no,No,No,Yes,small,small,small,small,small,small,small,small,small,small,small,small
primary-tumor.data,chisquare,No,No,small,small,small,small,small,small,small,small,small,small,small,small,small,small,small,small,small,small,big,small,small,no,No,No,No,small,small,small,small,small,small,big,big,small,small,small,small
QSAR biodeg.csv,GR,Yes,No,small,small,small,small,small,small,small,small,small,small,small,small,small,small,small,small,small,small,small,small,small,no,No,No,Yes,small,small,small,small,small,small,small,big,small,small,small,small
Raisin_Dataset.csv,GR,Yes,Yes,big,small,small,small,small,small,small,small,small,small,small,small,big,small,small,small,small,small,small,small,small,yes,Yes,No,Yes,small,small,small,small,small,small,big,big,small,small,small,big
seeds_dataset.data,relief,Yes,Yes,big,small,small,small,small,small,small,small,small,small,small,small,big,small,small,small,small,small,small,small,small,no,Yes,No,Yes,small,small,small,small,small,small,big,big,small,small,small,big
seismic-bumps.csv,chisquare,Yes,No,small,small,small,small,small,small,small,small,small,small,small,small,small,small,small,small,small,small,big,small,small,no,No,No,No,small,small,small,small,small,small,big,small,small,small,small,small
SomervilleHappinessSurvey2015.csv,MI,Yes,No,small,small,small,small,small,small,small,small,small,small,small,small,small,small,small,small,small,small,big,small,small,no,Yes,No,No,small,small,small,small,small,small,small,big,small,small,small,small
sonar5cn19.csv,relief,Yes,Yes,small,small,small,small,small,small,small,small,small,small,small,small,small,small,small,small,small,small,small,small,small,yes,Yes,Yes,Yes,big,small,big,small,big,small,small,big,small,small,small,big
soybean-small.data,chisquare,Yes,Yes,small,small,small,small,small,small,small,small,small,small,small,small,small,small,small,small,small,small,big,small,small,no,No,Yes,Yes,big,small,small,small,small,small,big,big,small,small,small,small
spambase.data,GR,Yes,No,small,small,small,small,small,small,small,small,small,small,small,small,small,small,big,small,small,small,small,small,small,yes,Yes,No,No,small,small,big,small,big,small,small,big,small,small,small,small
SPECT.csv,GR,Yes,No,small,small,small,small,small,small,small,small,small,small,small,small,small,small,small,small,small,small,big,small,small,no,Yes,Yes,Yes,small,small,small,small,small,small,small,big,small,small,small,small
SPECTF.csv,GR,Yes,Yes,big,small,small,small,small,small,small,small,small,small,small,small,small,small,small,small,small,small,small,small,small,no,No,No,No,big,small,small,small,small,small,small,big,small,small,small,big
starlog shuttle imbalanced.csv,chisquare,Yes,Yes,small,small,small,small,small,small,small,small,small,small,small,small,small,small,small,small,small,small,small,small,small,no,No,No,No,small,small,small,small,small,small,small,small,small,small,small,big
starlog vehicle sikhouettes.dat,fcbf,Yes,Yes,big,small,small,small,small,small,small,small,small,small,small,small,big,small,small,small,small,small,small,small,small,no,Yes,No,Yes,small,small,small,small,small,small,small,big,small,small,small,big
starlog_australian.dat,MI,Yes,Yes,small,small,small,small,small,small,small,small,small,small,small,small,small,small,small,small,small,small,big,small,small,no,Yes,No,No,small,small,small,small,small,small,small,big,small,small,small,small
statlog_heart.csv,cfs,Yes,Yes,small,small,small,small,small,small,small,small,small,small,small,small,small,small,small,small,small,small,big,small,small,no,Yes,No,No,small,small,small,small,small,small,small,big,small,small,small,small
student-mat.csv,GR,Yes,Yes,small,small,small,small,small,small,small,small,small,small,small,small,small,small,small,small,small,small,big,small,small,no,No,No,Yes,small,small,small,small,small,small,small,small,small,small,small,small
student-por.csv,chisquare,Yes,Yes,small,small,small,small,small,small,small,small,small,small,small,small,small,small,small,small,small,small,big,small,small,no,No,No,No,small,small,small,small,small,small,small,big,small,small,small,small
tae.data,MI,Yes,No,small,small,small,small,small,small,small,small,small,small,small,small,small,small,small,small,small,small,big,small,small,no,Yes,No,Yes,small,small,small,small,small,small,big,big,small,small,small,small
ThoraricSurgery.csv,chisquare,Yes,Yes,small,small,small,small,small,small,small,small,small,small,small,small,small,small,small,small,small,small,big,small,small,no,No,No,Yes,small,small,small,small,small,small,small,small,small,small,small,small
"Thyroid Disease (New Thyroid) Multi-class Imbalanced data set
.csv",GR,Yes,Yes,big,small,small,small,small,small,small,small,small,small,small,small,small,small,small,small,small,small,small,small,small,no,No,No,No,small,small,small,small,small,small,small,big,small,small,small,big
thyroid multiclass imbalance.csv,chisquare,Yes,No,small,small,small,small,small,small,small,small,small,small,small,small,small,small,small,small,small,small,big,small,small,no,No,Yes,Yes,small,small,small,small,small,small,small,small,small,small,small,small
thyroid.csv,chisquare,Yes,No,small,small,small,small,small,small,small,small,small,small,small,small,small,small,small,small,small,small,big,small,small,no,No,No,Yes,small,small,small,small,small,small,small,small,small,small,small,small
thyroid5cn21.csv,chisquare,Yes,No,small,small,small,small,small,small,small,small,small,small,small,small,small,small,small,small,small,small,big,small,small,no,No,No,Yes,small,small,small,small,small,small,small,small,small,small,small,small
tic-tac-toe.data,relief,Yes,Yes,small,small,small,small,small,small,small,small,small,small,small,small,small,small,small,small,small,small,big,small,small,no,No,Yes,Yes,small,small,small,small,small,small,small,big,small,small,small,small
titanic.csv,relief,Yes,No,small,small,small,small,small,small,small,small,small,small,small,small,small,small,small,small,small,small,big,small,small,no,No,No,No,small,small,small,small,small,small,small,big,small,small,small,small
trial.csv,GR,No,No,small,small,small,small,small,small,small,small,small,small,small,small,small,small,small,small,small,small,big,small,small,no,No,No,Yes,small,small,small,small,small,small,big,big,small,small,small,small
TUANDROMD.csv,chisquare,Yes,No,small,small,small,small,small,small,small,small,small,small,small,small,small,big,big,small,small,small,big,small,small,no,No,No,No,small,small,big,small,big,big,big,big,small,small,small,small
Turkish_music.csv,MI,Yes,No,small,small,small,small,small,small,small,small,small,small,small,small,small,small,small,small,small,small,small,small,small,yes,Yes,No,No,small,small,big,small,big,small,small,big,small,small,small,big
vehicle0.csv,fcbf,Yes,Yes,big,small,small,small,small,small,small,small,small,small,small,small,big,small,small,small,small,small,small,small,small,no,No,No,Yes,small,small,small,small,small,small,small,big,small,small,small,big
vehicle1.csv,fcbf,Yes,Yes,big,small,small,small,small,small,small,small,small,small,small,small,big,small,small,small,small,small,small,small,small,no,No,No,Yes,small,small,small,small,small,small,small,big,small,small,small,big
vehicle2.csv,fcbf,Yes,Yes,big,small,small,small,small,small,small,small,small,small,small,small,big,small,small,small,small,small,small,small,small,no,No,No,Yes,small,small,small,small,small,small,big,big,small,small,small,big
vehicle3.csv,fcbf,Yes,Yes,big,small,small,small,small,small,small,small,small,small,small,small,big,small,small,small,small,small,small,small,small,no,No,No,Yes,small,small,small,small,small,small,big,big,small,small,small,big
Wholesale customers data.csv,chisquare,Yes,Yes,small,small,small,small,small,small,small,small,small,small,small,small,small,small,small,small,small,small,small,small,small,no,No,No,No,small,small,small,small,small,small,small,big,small,small,small,big
wine imbalance.csv,GR,Yes,Yes,big,small,small,small,small,small,small,small,small,small,small,small,small,small,small,small,small,small,small,small,small,no,Yes,No,Yes,small,small,small,small,small,small,small,big,small,small,small,big
wine.data,GR,Yes,Yes,big,small,small,small,small,small,small,small,small,small,small,small,small,small,small,small,small,small,small,small,small,no,Yes,No,Yes,small,small,small,small,small,small,small,big,small,small,small,big
wine5cn10-nc.csv,fcbf,Yes,Yes,big,small,small,small,small,small,small,small,small,small,small,small,small,small,small,small,small,small,small,small,small,no,Yes,No,Yes,small,small,small,small,small,small,small,big,small,small,small,big
winequality-red.csv,relief,Yes,No,small,small,small,small,small,small,small,small,small,small,small,small,small,small,small,small,small,small,small,small,small,yes,No,No,No,small,small,small,small,small,small,small,big,small,big,small,big
winequality-white.csv,GR,Yes,No,small,small,small,small,small,small,small,small,small,small,small,small,small,small,small,small,small,small,small,small,small,yes,No,No,No,small,small,small,small,small,small,small,big,small,big,small,big
yeast-0-5-6-7-9_vs_4.csv,GR,Yes,No,small,small,small,small,small,small,small,small,small,small,small,small,small,small,small,small,small,small,small,small,small,no,No,No,Yes,small,small,small,small,small,small,small,small,small,small,small,small
yeast-1_vs_7.csv,fcbf,Yes,No,small,small,small,small,small,small,small,small,small,small,small,small,small,small,small,small,small,small,small,small,small,no,No,No,Yes,small,small,small,small,small,small,small,small,small,small,small,big
yeast-2_vs_4.csv,fcbf,Yes,No,small,small,small,small,small,small,small,small,small,small,small,small,small,small,small,small,small,small,small,small,small,no,No,No,Yes,small,small,small,small,small,small,small,small,small,small,small,small
yeast-2_vs_8.csv,GR,Yes,No,small,small,small,small,small,small,small,small,small,small,small,small,small,small,small,small,small,small,small,small,small,no,No,No,Yes,small,small,small,small,small,small,small,small,small,small,small,small
yeast.data,MI,Yes,Yes,small,small,small,small,small,small,small,small,small,small,small,small,small,small,small,small,small,small,small,small,small,yes,No,No,No,small,small,small,small,small,small,small,big,small,small,small,big
yeast1.csv,GR,Yes,No,small,small,small,small,small,small,small,small,small,small,small,small,small,small,small,small,small,small,small,small,small,no,No,No,Yes,small,small,small,small,small,small,small,big,small,small,small,big
yeast3.csv,chisquare,Yes,No,small,small,small,small,small,small,small,small,small,small,small,small,small,small,small,small,small,small,small,small,small,no,No,No,Yes,small,small,small,small,small,small,small,small,small,small,small,big
yeast4.csv,chisquare,Yes,No,small,small,small,small,small,small,small,small,small,small,small,small,small,small,small,small,small,small,small,small,small,no,No,No,Yes,small,small,small,small,small,small,small,small,small,small,small,big
yeast5.csv,fcbf,Yes,No,small,small,small,small,small,small,small,small,small,small,small,small,small,small,small,small,small,small,small,small,small,no,No,No,Yes,small,small,small,small,small,small,small,small,small,small,small,big
yeast5cn21.csv,relief,Yes,No,small,small,small,small,small,small,small,small,small,small,small,small,small,small,small,small,small,small,small,small,small,no,No,No,Yes,small,small,small,small,small,small,small,big,small,small,small,big
yeast6.csv,chisquare,Yes,No,small,small,small,small,small,small,small,small,small,small,small,small,small,small,small,small,small,small,small,small,small,no,No,No,Yes,small,small,small,small,small,small,small,small,small,small,small,big
yeastimbalance.csv,relief,Yes,No,small,small,small,small,small,small,small,small,small,small,small,small,small,small,small,small,small,small,small,small,small,no,No,No,Yes,small,small,small,small,small,small,small,big,small,small,small,big
zoo.data,MI,Yes,Yes,small,small,small,small,small,small,small,small,small,small,small,small,small,small,small,small,small,small,big,small,small,no,No,Yes,Yes,big,small,small,small,small,small,big,big,small,small,small,small
